2025-10-29T19:55:07.590Z | userId:anon | user:anon | ruta:/estudiantes/add | accion:POST /estudiantes/add | ip:::1 | datos:{}
2025-10-29T20:03:08.100Z | userId:anon | user:anon | ruta:/estudiantes/add | accion:POST /estudiantes/add | ip:::1 | datos:{}
2025-10-29T20:03:38.552Z | userId:anon | user:anon | ruta:/estudiantes/add | accion:POST /estudiantes/add | ip:::1 | datos:{}
2025-10-29T20:03:38.563Z | userId:anon | user:anon | ruta:/estudiantes/add | accion:Crear alumno | ip:::1 | datos:{"nombre":"Laime Agustin","dni":"34354325"}
2025-10-29T20:12:11.365Z | userId:anon | user:anon | ruta:/users/login | accion:POST /users/login | ip:::1 | datos:{}
2025-10-29T20:12:13.832Z | userId:anon | user:anon | ruta:/users/profile | accion:POST /users/profile | ip:::1 | datos:{}
2025-10-29T20:12:14.898Z | userId:anon | user:anon | ruta:/users/login | accion:POST /users/login | ip:::1 | datos:{}
2025-10-29T20:12:47.083Z | userId:anon | user:anon | ruta:/estudiantes/add | accion:POST /estudiantes/add | ip:::1 | datos:{}
2025-10-29T20:12:47.093Z | userId:2 | user:Robert3214sd | ruta:/estudiantes/add | accion:Crear alumno | ip:::1 | datos:{"nombre":"Hualpa","dni":"1234636"}
2025-10-29T20:15:06.887Z | userId:anon | user:anon | ruta:/users/login | accion:POST /users/login | ip:::1 | datos:{}
2025-10-29T20:15:16.921Z | userId:anon | user:anon | ruta:/estudiantes/editar/2 | accion:POST /estudiantes/editar/2 | ip:::1 | datos:{}
2025-10-29T20:15:16.928Z | userId:2 | user:Robert3214sd | ruta:/estudiantes/editar/2 | accion:Actualizar alumno | ip:::1 | datos:{"id":"2","nombre":"Oscar llampa","dni":"34212345"}
2025-10-29T20:21:45.716Z | userId:anon | user:anon | ruta:/users/register | accion:POST /users/register | ip:::1 | datos:{}
2025-10-29T20:21:56.548Z | userId:anon | user:anon | ruta:/users/register | accion:POST /users/register | ip:::1 | datos:{}
2025-10-29T20:21:56.618Z | userId:anon | user:anon | ruta:/users/register | accion:Registrar usuario | ip:::1 | datos:{"username":"jfajknfkjang dg","email":"paula@gmail.com"}
2025-10-29T20:22:58.500Z | userId:anon | user:anon | ruta:/users/login | accion:POST /users/login | ip:::1 | datos:{}
2025-10-29T20:24:15.369Z | userId:anon | user:anon | ruta:/users/login | accion:POST /users/login | ip:::1 | datos:{}
2025-10-29T20:24:15.432Z | userId:2 | user:Robert3214sd | ruta:/users/login | accion:Iniciar sesión | ip:::1 | datos:{"userId":2,"email":"roberto@gmail.com"}
2025-10-29T20:24:25.252Z | userId:anon | user:anon | ruta:/users/profile | accion:POST /users/profile | ip:::1 | datos:{}
2025-10-29T20:24:25.254Z | userId:2 | user:Robert3214sd | ruta:/users/profile | accion:Cerrar sesión | ip:::1 | datos:{"userId":2,"email":"roberto@gmail.com"}
2025-10-29T20:24:46.519Z | userId:anon | user:anon | ruta:/users/login | accion:POST /users/login | ip:::1 | datos:{}
2025-10-29T20:24:46.570Z | userId:2 | user:Robert3214sd | ruta:/users/login | accion:Iniciar sesión | ip:::1 | datos:{"userId":2,"email":"roberto@gmail.com"}
2025-10-29T20:25:13.937Z | userId:anon | user:anon | ruta:/users/login | accion:POST /users/login | ip:::1 | datos:{}
2025-10-29T20:25:14.001Z | userId:2 | user:Robert3214sd | ruta:/users/login | accion:Iniciar sesión | ip:::1 | datos:{"userId":2,"email":"roberto@gmail.com"}
2025-10-29T20:25:32.704Z | userId:anon | user:anon | ruta:/users/change-password | accion:POST /users/change-password | ip:::1 | datos:{}
2025-10-29T20:25:32.813Z | userId:2 | user:Robert3214sd | ruta:/users/change-password | accion:Cambiar contraseña | ip:::1 | datos:{"userId":2,"email":"roberto@gmail.com"}
2025-10-29T20:27:30.391Z | userId:anon | user:anon | ruta:/users/login | accion:POST /users/login | ip:::1 | datos:{}
2025-10-29T20:27:31.541Z | userId:anon | user:anon | ruta:/users/login | accion:POST /users/login | ip:::1 | datos:{}
2025-10-29T20:28:03.425Z | userId:anon | user:anon | ruta:/users/login | accion:POST /users/login | ip:::1 | datos:{}
2025-10-29T20:28:07.571Z | userId:anon | user:anon | ruta:/users/login | accion:POST /users/login | ip:::1 | datos:{}
2025-10-29T20:28:07.620Z | userId:2 | user:Robert3214sd | ruta:/users/login | accion:Iniciar sesión | ip:::1 | datos:{"userId":2,"email":"roberto@gmail.com"}
2025-10-29T20:28:23.059Z | userId:anon | user:anon | ruta:/users/edit | accion:POST /users/edit | ip:::1 | datos:{}
2025-10-29T20:28:23.068Z | userId:2 | user:Robert3214sd | ruta:/users/edit | accion:Actualizar perfil | ip:::1 | datos:{"userId":2,"email":"roberto@gmail.com"}
2025-10-29T20:31:00.565Z | userId:anon | user:anon | ruta:/users/profile | accion:POST /users/profile | ip:::1 | datos:{}
2025-10-29T20:31:10.897Z | userId:anon | user:anon | ruta:/users/login | accion:POST /users/login | ip:::1 | datos:{}
2025-10-29T20:31:19.655Z | userId:anon | user:anon | ruta:/users/login | accion:POST /users/login | ip:::1 | datos:{}
2025-10-29T20:31:19.703Z | userId:2 | user:Robert213 | ruta:/users/login | accion:Iniciar sesión | ip:::1 | datos:{"userId":2,"email":"roberto@gmail.com"}
2025-10-29T20:31:32.564Z | userId:anon | user:anon | ruta:/users/change-password | accion:POST /users/change-password | ip:::1 | datos:{}
2025-10-29T20:31:32.663Z | userId:2 | user:Robert213 | ruta:/users/change-password | accion:Cambiar contraseña | ip:::1 | datos:{"userId":2,"email":"roberto@gmail.com"}
2025-10-29T20:44:41.938Z | userId:anon | user:anon | ruta:/users/profile | accion:POST /users/profile | ip:::1 | datos:{}
2025-10-29T20:44:58.620Z | userId:anon | user:anon | ruta:/users/recuperar-password | accion:POST /users/recuperar-password | ip:::1 | datos:{}
2025-10-29T20:45:03.046Z | userId:anon | user:anon | ruta:/users/recuperar-password | accion:Recuperar contraseña | ip:::1 | datos:{"userId":2,"email":"roberto@gmail.com"}
2025-10-29T20:45:41.589Z | userId:anon | user:anon | ruta:/users/register | accion:POST /users/register | ip:::1 | datos:{}
2025-10-29T20:45:41.652Z | userId:anon | user:anon | ruta:/users/register | accion:Registrar usuario | ip:::1 | datos:{"username":"Robajdbskajbdja","email":"llamparoberto5@gmail.com"}
2025-10-29T20:46:48.107Z | userId:anon | user:anon | ruta:/users/recuperar-password | accion:POST /users/recuperar-password | ip:::1 | datos:{}
2025-10-29T20:46:51.564Z | userId:anon | user:anon | ruta:/users/recuperar-password | accion:Recuperar contraseña | ip:::1 | datos:{"userId":9,"email":"llamparoberto5@gmail.com"}
2025-10-29T20:47:21.341Z | userId:anon | user:anon | ruta:/users/login | accion:POST /users/login | ip:::1 | datos:{}
2025-10-29T20:47:21.390Z | userId:9 | user:Robajdbskajbdja | ruta:/users/login | accion:Iniciar sesión | ip:::1 | datos:{"userId":9,"email":"llamparoberto5@gmail.com"}
2025-10-29T20:53:23.001Z | userId:anon | user:anon | ruta:/users/login | accion:POST /users/login | ip:::1 | datos:{}
2025-10-29T20:53:26.933Z | userId:anon | user:anon | ruta:/users/login | accion:POST /users/login | ip:::1 | datos:{}
2025-10-29T20:53:32.634Z | userId:anon | user:anon | ruta:/users/login | accion:POST /users/login | ip:::1 | datos:{}
2025-10-29T20:53:49.669Z | userId:anon | user:anon | ruta:/users/login | accion:POST /users/login | ip:::1 | datos:{}
2025-10-29T20:53:54.462Z | userId:anon | user:anon | ruta:/users/login | accion:POST /users/login | ip:::1 | datos:{}
2025-10-29T20:54:16.903Z | userId:anon | user:anon | ruta:/users/register | accion:POST /users/register | ip:::1 | datos:{}
2025-10-29T20:54:24.137Z | userId:anon | user:anon | ruta:/users/register | accion:POST /users/register | ip:::1 | datos:{}
2025-10-29T20:54:24.196Z | userId:anon | user:anon | ruta:/users/register | accion:Registrar usuario | ip:::1 | datos:{"username":"dsadsad","email":"c@gmail.com"}
2025-10-29T20:54:30.436Z | userId:anon | user:anon | ruta:/users/login | accion:POST /users/login | ip:::1 | datos:{}
2025-10-29T20:54:30.484Z | userId:10 | user:dsadsad | ruta:/users/login | accion:Iniciar sesión | ip:::1 | datos:{"userId":10,"email":"c@gmail.com"}
2025-10-29T20:54:34.646Z | userId:anon | user:anon | ruta:/users/2/bloquear | accion:PUT /users/2/bloquear | ip:::1 | datos:{}
2025-10-29T20:54:34.649Z | userId:10 | user:dsadsad | ruta:/users/2/bloquear | accion:Bloquear usuario | ip:::1 | datos:{"userId":2,"email":"roberto@gmail.com"}
2025-10-29T20:59:46.228Z | userId:anon | user:anon | ruta:/users/login | accion:POST /users/login | ip:::1 | datos:{}
2025-10-29T20:59:54.878Z | userId:anon | user:anon | ruta:/users/login | accion:POST /users/login | ip:::1 | datos:{}
2025-10-29T20:59:54.935Z | userId:10 | user:dsadsad | ruta:/users/login | accion:Iniciar sesión | ip:::1 | datos:{"userId":10,"email":"c@gmail.com"}
2025-10-29T21:05:00.170Z | userId:anon | user:anon | ruta:/users/login | accion:POST /users/login | ip:::1 | datos:{}
2025-10-29T21:05:07.487Z | userId:anon | user:anon | ruta:/users/login | accion:POST /users/login | ip:::1 | datos:{}
2025-10-29T21:05:07.544Z | userId:10 | user:dsadsad | ruta:/users/login | accion:Iniciar sesión | ip:::1 | datos:{"userId":10,"email":"c@gmail.com"}
2025-11-02T23:19:02.190Z | userId:anon | user:anon | ruta:/users/login | accion:POST /users/login | ip:::1 | datos:{}
2025-11-02T23:19:32.791Z | userId:anon | user:anon | ruta:/users/login | accion:POST /users/login | ip:::1 | datos:{}
2025-11-02T23:19:32.849Z | userId:10 | user:dsadsad | ruta:/users/login | accion:Iniciar sesión | ip:::1 | datos:{"userId":10,"email":"c@gmail.com"}
2025-11-02T23:23:51.414Z | userId:anon | user:anon | ruta:/users/login | accion:POST /users/login | ip:::1 | datos:{}
2025-11-02T23:23:56.947Z | userId:anon | user:anon | ruta:/users/login | accion:POST /users/login | ip:::1 | datos:{}
2025-11-02T23:23:57.004Z | userId:10 | user:dsadsad | ruta:/users/login | accion:Iniciar sesión | ip:::1 | datos:{"userId":10,"email":"c@gmail.com"}
2025-11-02T23:23:57.015Z | userId:anon | user:anon | ruta:/users/login | accion:POST /users/login | ip:::1 | datos:{}
2025-11-02T23:23:57.062Z | userId:10 | user:dsadsad | ruta:/users/login | accion:Iniciar sesión | ip:::1 | datos:{"userId":10,"email":"c@gmail.com"}
2025-11-02T23:29:12.089Z | userId:anon | user:anon | ruta:/users/login | accion:POST /users/login | ip:::1 | datos:{}
2025-11-02T23:29:12.159Z | userId:10 | user:dsadsad | ruta:/users/login | accion:Iniciar sesión | ip:::1 | datos:{"userId":10,"email":"c@gmail.com"}
2025-11-03T23:41:26.561Z | userId:anon | user:anon | ruta:/users/login | accion:POST /users/login | ip:::1 | datos:{}
2025-11-03T23:41:31.034Z | userId:anon | user:anon | ruta:/users/login | accion:POST /users/login | ip:::1 | datos:{}
2025-11-03T23:41:31.095Z | userId:10 | user:dsadsad | ruta:/users/login | accion:Iniciar sesión | ip:::1 | datos:{"userId":10,"email":"c@gmail.com"}
2025-11-03T23:43:01.045Z | userId:anon | user:anon | ruta:/users/login | accion:POST /users/login | ip:::1 | datos:{}
2025-11-03T23:43:01.115Z | userId:10 | user:dsadsad | ruta:/users/login | accion:Iniciar sesión | ip:::1 | datos:{"userId":10,"email":"c@gmail.com"}
2025-11-03T23:43:19.095Z | userId:anon | user:anon | ruta:/users/login | accion:POST /users/login | ip:::1 | datos:{}
2025-11-03T23:43:21.907Z | userId:anon | user:anon | ruta:/users/login | accion:POST /users/login | ip:::1 | datos:{}
2025-11-03T23:43:21.963Z | userId:10 | user:dsadsad | ruta:/users/login | accion:Iniciar sesión | ip:::1 | datos:{"userId":10,"email":"c@gmail.com"}
2025-11-03T23:43:53.132Z | userId:anon | user:anon | ruta:/users/login | accion:POST /users/login | ip:::1 | datos:{}
2025-11-03T23:43:53.199Z | userId:10 | user:dsadsad | ruta:/users/login | accion:Iniciar sesión | ip:::1 | datos:{"userId":10,"email":"c@gmail.com"}
2025-11-03T23:44:22.363Z | userId:anon | user:anon | ruta:/users/login | accion:POST /users/login | ip:::1 | datos:{}
2025-11-03T23:44:24.764Z | userId:anon | user:anon | ruta:/users/login | accion:POST /users/login | ip:::1 | datos:{}
2025-11-03T23:44:24.821Z | userId:10 | user:dsadsad | ruta:/users/login | accion:Iniciar sesión | ip:::1 | datos:{"userId":10,"email":"c@gmail.com"}
2025-11-03T23:46:52.599Z | userId:anon | user:anon | ruta:/users/login | accion:POST /users/login | ip:::1 | datos:{}
2025-11-03T23:46:52.688Z | userId:10 | user:dsadsad | ruta:/users/login | accion:Iniciar sesión | ip:::1 | datos:{"userId":10,"email":"c@gmail.com"}
2025-11-03T23:49:32.772Z | userId:anon | user:anon | ruta:/users/login | accion:POST /users/login | ip:::1 | datos:{}
2025-11-03T23:49:37.162Z | userId:anon | user:anon | ruta:/users/login | accion:POST /users/login | ip:::1 | datos:{}
2025-11-03T23:49:37.219Z | userId:10 | user:dsadsad | ruta:/users/login | accion:Iniciar sesión | ip:::1 | datos:{"userId":10,"email":"c@gmail.com"}
2025-11-03T23:50:27.940Z | userId:anon | user:anon | ruta:/users/login | accion:POST /users/login | ip:::1 | datos:{}
2025-11-03T23:50:28.009Z | userId:10 | user:dsadsad | ruta:/users/login | accion:Iniciar sesión | ip:::1 | datos:{"userId":10,"email":"c@gmail.com"}
2025-11-03T23:54:02.231Z | userId:anon | user:anon | ruta:/users/login | accion:POST /users/login | ip:::1 | datos:{}
2025-11-03T23:54:02.303Z | userId:10 | user:dsadsad | ruta:/users/login | accion:Iniciar sesión | ip:::1 | datos:{"userId":10,"email":"c@gmail.com"}
2025-11-04T00:00:56.890Z | userId:anon | user:anon | ruta:/users/login | accion:POST /users/login | ip:::1 | datos:{}
2025-11-04T00:00:56.963Z | userId:10 | user:dsadsad | ruta:/users/login | accion:Iniciar sesión | ip:::1 | datos:{"userId":10,"email":"c@gmail.com"}
2025-11-04T00:01:36.208Z | userId:anon | user:anon | ruta:/users/login | accion:POST /users/login | ip:::1 | datos:{}
2025-11-04T00:01:36.278Z | userId:10 | user:dsadsad | ruta:/users/login | accion:Iniciar sesión | ip:::1 | datos:{"userId":10,"email":"c@gmail.com"}
2025-11-04T00:03:31.452Z | userId:anon | user:anon | ruta:/users/login | accion:POST /users/login | ip:::1 | datos:{"body":{"email":"c@gmail.com","password":"122345678"}}
2025-11-04T00:03:36.811Z | userId:anon | user:anon | ruta:/users/login | accion:POST /users/login | ip:::1 | datos:{"body":{"email":"c@gmail.com","password":"12345678"}}
2025-11-04T00:03:36.860Z | userId:10 | user:dsadsad | ruta:/users/login | accion:Iniciar sesión | ip:::1 | datos:{"userId":10,"email":"c@gmail.com"}
2025-11-04T00:04:02.469Z | userId:anon | user:anon | ruta:/users/login | accion:POST /users/login | ip:::1 | datos:{"body":{"email":"roberto@gmail.com","password":"12345678"}}
2025-11-04T00:04:04.429Z | userId:anon | user:anon | ruta:/users/login | accion:POST /users/login | ip:::1 | datos:{"body":{"email":"c@gmail.com","password":"12345678"}}
2025-11-04T00:04:04.483Z | userId:10 | user:dsadsad | ruta:/users/login | accion:Iniciar sesión | ip:::1 | datos:{"userId":10,"email":"c@gmail.com"}
2025-11-04T00:04:46.236Z | userId:anon | user:anon | ruta:/users/login | accion:POST /users/login | ip:::1 | datos:{"body":{"email":"roberto@gmail.com","password":"12345678"}}
2025-11-04T00:04:47.946Z | userId:anon | user:anon | ruta:/users/login | accion:POST /users/login | ip:::1 | datos:{"body":{"email":"c@gmail.com","password":"12345678"}}
2025-11-04T00:04:48.000Z | userId:10 | user:dsadsad | ruta:/users/login | accion:Iniciar sesión | ip:::1 | datos:{"userId":10,"email":"c@gmail.com"}
2025-11-04T00:05:01.736Z | userId:anon | user:anon | ruta:/users/login | accion:POST /users/login | ip:::1 | datos:{"body":{"email":"roberto@gmail.com","password":"12345678"}}
2025-11-04T00:05:03.980Z | userId:anon | user:anon | ruta:/users/login | accion:POST /users/login | ip:::1 | datos:{"body":{"email":"c@gmail.com","password":"12345678"}}
2025-11-04T00:05:04.035Z | userId:10 | user:dsadsad | ruta:/users/login | accion:Iniciar sesión | ip:::1 | datos:{"userId":10,"email":"c@gmail.com"}
2025-11-04T00:05:51.388Z | userId:anon | user:anon | ruta:/users/login | accion:POST /users/login | ip:::1 | datos:{"body":{"email":"c@gmail.com","password":"12345678"}}
2025-11-04T00:05:51.450Z | userId:10 | user:dsadsad | ruta:/users/login | accion:Iniciar sesión | ip:::1 | datos:{"userId":10,"email":"c@gmail.com"}
2025-11-04T00:15:55.440Z | userId:anon | user:anon | ruta:/users/login | accion:POST /users/login | ip:::1 | datos:{"body":{"email":"c@gmail.com","password":"12345678"}}
2025-11-04T00:15:55.509Z | userId:10 | user:dsadsad | ruta:/users/login | accion:Iniciar sesión | ip:::1 | datos:{"userId":10,"email":"c@gmail.com"}
2025-11-04T00:22:33.607Z | userId:anon | user:anon | ruta:/users/login | accion:POST /users/login | ip:::1 | datos:{"body":{"email":"c@gmail.com","password":"12345678"}}
2025-11-04T00:22:33.679Z | userId:10 | user:dsadsad | ruta:/users/login | accion:Iniciar sesión | ip:::1 | datos:{"userId":10,"email":"c@gmail.com"}
2025-11-04T02:02:19.895Z | userId:anon | user:anon | ruta:/users/login | accion:POST /users/login | ip:::1 | datos:{"body":{"email":"c@gmail.com","password":"12345678"}}
2025-11-04T02:02:19.958Z | userId:10 | user:dsadsad | ruta:/users/login | accion:Iniciar sesión | ip:::1 | datos:{"userId":10,"email":"c@gmail.com"}
2025-11-04T02:07:28.286Z | userId:anon | user:anon | ruta:/users/login | accion:POST /users/login | ip:::1 | datos:{"body":{"email":"c@gmail.com","password":"12345678"}}
2025-11-04T02:07:28.348Z | userId:10 | user:dsadsad | ruta:/users/login | accion:Iniciar sesión | ip:::1 | datos:{"userId":10,"email":"c@gmail.com"}
2025-11-04T02:19:56.120Z | userId:anon | user:anon | ruta:/users/login | accion:POST /users/login | ip:::1 | datos:{"body":{"email":"c@gmail.com","password":"12345678"}}
2025-11-04T02:19:56.184Z | userId:10 | user:dsadsad | ruta:/users/login | accion:Iniciar sesión | ip:::1 | datos:{"userId":10,"email":"c@gmail.com"}
2025-11-05T16:57:11.874Z | userId:anon | user:anon | ruta:/users/login | accion:POST /users/login | ip:::ffff:127.0.0.1 | datos:{"body":{"email":"c@gmail.com","password":"123456789"}}
2025-11-05T16:57:18.939Z | userId:anon | user:anon | ruta:/users/login | accion:POST /users/login | ip:::1 | datos:{"body":{"email":"c@gmail.com","password":"12345678"}}
2025-11-05T16:57:18.986Z | userId:10 | user:dsadsad | ruta:/users/login | accion:Iniciar sesión | ip:::1 | datos:{"userId":10,"email":"c@gmail.com"}
2025-11-05T17:01:56.721Z | userId:anon | user:anon | ruta:/users/login | accion:POST /users/login | ip:::1 | datos:{"body":{"email":"c@gmail.com","password":"12345678"}}
2025-11-05T17:01:56.785Z | userId:10 | user:dsadsad | ruta:/users/login | accion:Iniciar sesión | ip:::1 | datos:{"userId":10,"email":"c@gmail.com"}
2025-11-05T17:23:07.737Z | userId:anon | user:anon | ruta:/users/login | accion:POST /users/login | ip:::1 | datos:{"body":{"email":"c@gmail.com","password":"12345678"}}
2025-11-05T17:23:07.801Z | userId:10 | user:dsadsad | ruta:/users/login | accion:Iniciar sesión | ip:::1 | datos:{"userId":10,"email":"c@gmail.com"}
2025-11-05T17:24:58.674Z | userId:anon | user:anon | ruta:/users/login | accion:POST /users/login | ip:::1 | datos:{"body":{"email":"c@gmail.com","password":"12345678"}}
2025-11-05T17:24:58.736Z | userId:10 | user:dsadsad | ruta:/users/login | accion:Iniciar sesión | ip:::1 | datos:{"userId":10,"email":"c@gmail.com"}
2025-11-05T17:26:27.025Z | userId:anon | user:anon | ruta:/users/login | accion:POST /users/login | ip:::1 | datos:{"body":{"email":"c@gmail.com","password":"12345678"}}
2025-11-05T17:26:27.087Z | userId:10 | user:dsadsad | ruta:/users/login | accion:Iniciar sesión | ip:::1 | datos:{"userId":10,"email":"c@gmail.com"}
2025-11-05T17:31:10.283Z | userId:anon | user:anon | ruta:/users/login | accion:POST /users/login | ip:::1 | datos:{"body":{"email":"c@gmail.com","password":"12345678"}}
2025-11-05T17:31:10.344Z | userId:10 | user:dsadsad | ruta:/users/login | accion:Iniciar sesión | ip:::1 | datos:{"userId":10,"email":"c@gmail.com"}
2025-11-05T17:34:31.556Z | userId:anon | user:anon | ruta:/users/login | accion:POST /users/login | ip:::1 | datos:{"body":{"email":"c@gmail.com","password":"12345678"}}
2025-11-05T17:34:31.617Z | userId:10 | user:dsadsad | ruta:/users/login | accion:Iniciar sesión | ip:::1 | datos:{"userId":10,"email":"c@gmail.com"}
2025-11-05T17:48:26.927Z | userId:anon | user:anon | ruta:/users/login | accion:POST /users/login | ip:::1 | datos:{"body":{"email":"c@gmail.com","password":"12345678"}}
2025-11-05T17:48:26.990Z | userId:10 | user:dsadsad | ruta:/users/login | accion:Iniciar sesión | ip:::1 | datos:{"userId":10,"email":"c@gmail.com"}
2025-11-05T18:41:52.331Z | userId:anon | user:anon | ruta:/users/login | accion:POST /users/login | ip:::1 | datos:{"body":{"email":"c@gmail.com","password":"12345678"}}
2025-11-05T18:41:52.395Z | userId:10 | user:dsadsad | ruta:/users/login | accion:Iniciar sesión | ip:::1 | datos:{"userId":10,"email":"c@gmail.com"}
2025-11-05T18:45:27.212Z | userId:anon | user:anon | ruta:/users/login | accion:POST /users/login | ip:::1 | datos:{"body":{"email":"c@gmail.com","password":"12345678"}}
2025-11-05T18:45:27.272Z | userId:10 | user:dsadsad | ruta:/users/login | accion:Iniciar sesión | ip:::1 | datos:{"userId":10,"email":"c@gmail.com"}
2025-11-05T18:52:07.619Z | userId:10 | user:dsadsad | ruta:/usos-insumos/store | accion:POST /usos-insumos/store | ip:::1 | datos:{"body":{"insumo_id":"","user_id":"3","cantidad_usada":"10","descripcion":"dfsfdg"}}
2025-11-05T18:53:09.435Z | userId:10 | user:dsadsad | ruta:/usosInsumos/store | accion:POST /usosInsumos/store | ip:::1 | datos:{"body":{"insumo_id":"","user_id":"1","cantidad_usada":"4","descripcion":"fafdsf"}}
2025-11-05T18:56:07.078Z | userId:anon | user:anon | ruta:/users/login | accion:POST /users/login | ip:::1 | datos:{"body":{"email":"c@gmail.com","password":"12345678"}}
2025-11-05T18:56:07.138Z | userId:10 | user:dsadsad | ruta:/users/login | accion:Iniciar sesión | ip:::1 | datos:{"userId":10,"email":"c@gmail.com"}
2025-11-05T19:07:16.283Z | userId:anon | user:anon | ruta:/usosInsumos/store | accion:POST /usosInsumos/store | ip:::1 | datos:{"body":{"insumo_id":"","user_id":"2","profesor_encargado":"Analia","cantidad_usada":"5","descripcion":"dad"}}
2025-11-05T19:07:17.789Z | userId:anon | user:anon | ruta:/users/login | accion:POST /users/login | ip:::1 | datos:{"body":{"email":"c@gmail.com","password":"12345678"}}
2025-11-05T19:07:17.850Z | userId:10 | user:dsadsad | ruta:/users/login | accion:Iniciar sesión | ip:::1 | datos:{"userId":10,"email":"c@gmail.com"}
2025-11-05T19:08:39.910Z | userId:10 | user:dsadsad | ruta:/usosInsumos/store | accion:POST /usosInsumos/store | ip:::1 | datos:{"body":{"insumo_id":"","user_id":"4","profesor_encargado":"Analia","cantidad_usada":"1","descripcion":"dasds"}}
2025-11-05T19:12:10.554Z | userId:anon | user:anon | ruta:/users/login | accion:POST /users/login | ip:::1 | datos:{"body":{"email":"c@gmail.com","password":"12345678"}}
2025-11-05T19:12:10.615Z | userId:10 | user:dsadsad | ruta:/users/login | accion:Iniciar sesión | ip:::1 | datos:{"userId":10,"email":"c@gmail.com"}
2025-11-05T19:13:21.267Z | userId:10 | user:dsadsad | ruta:/usosInsumos/store | accion:POST /usosInsumos/store | ip:::1 | datos:{"body":{"insumo_id":"","user_id":"1","profesor_encargado":"Analia","cantidad_usada":"7","descripcion":"afdsf"}}
2025-11-05T19:14:18.525Z | userId:10 | user:dsadsad | ruta:/usosInsumos/store | accion:POST /usosInsumos/store | ip:::1 | datos:{"body":{"insumo_id":"","user_id":"1","profesor_encargado":"Analia","cantidad_usada":"1","descripcion":"xcaxcvcvcxxcx"}}
2025-11-05T19:15:41.588Z | userId:10 | user:dsadsad | ruta:/usosInsumos/store | accion:POST /usosInsumos/store | ip:::1 | datos:{"body":{"insumo_id":"","user_id":"1","profesor_encargado":"Analia","cantidad_usada":"1","descripcion":"vgh"}}
2025-11-05T19:26:20.975Z | userId:anon | user:anon | ruta:/users/login | accion:POST /users/login | ip:::1 | datos:{"body":{"email":"c@gmail.com","password":"12345678"}}
2025-11-05T19:26:21.037Z | userId:10 | user:dsadsad | ruta:/users/login | accion:Iniciar sesión | ip:::1 | datos:{"userId":10,"email":"c@gmail.com"}
2025-11-05T19:27:24.407Z | userId:10 | user:dsadsad | ruta:/usosInsumos/store | accion:POST /usosInsumos/store | ip:::1 | datos:{"body":{"insumo_id":"","user_id":"2","profesor_encargado":"Analia","cantidad_usada":"6","descripcion":"adsad"}}
2025-11-05T19:28:09.110Z | userId:anon | user:anon | ruta:/users/login | accion:POST /users/login | ip:::1 | datos:{"body":{"email":"c@gmail.com","password":"12345678"}}
2025-11-05T19:28:09.170Z | userId:10 | user:dsadsad | ruta:/users/login | accion:Iniciar sesión | ip:::1 | datos:{"userId":10,"email":"c@gmail.com"}
2025-11-05T19:28:22.023Z | userId:10 | user:dsadsad | ruta:/usosInsumos/store | accion:POST /usosInsumos/store | ip:::1 | datos:{"body":{"insumo_id":"","user_id":"4","profesor_encargado":"Analia","cantidad_usada":"6","descripcion":"ad"}}
2025-11-05T19:29:20.518Z | userId:anon | user:anon | ruta:/usosInsumos/store | accion:POST /usosInsumos/store | ip:::1 | datos:{"body":{"insumo_id":"","user_id":"4","profesor_encargado":"Analia","cantidad_usada":"6","descripcion":"ad"}}
2025-11-05T19:30:10.112Z | userId:anon | user:anon | ruta:/usosInsumos/store | accion:POST /usosInsumos/store | ip:::1 | datos:{"body":{"insumo_id":"","user_id":"1","profesor_encargado":"Analia","cantidad_usada":"5","descripcion":"asd"}}
2025-11-05T19:30:54.005Z | userId:anon | user:anon | ruta:/usosInsumos/store | accion:POST /usosInsumos/store | ip:::1 | datos:{"body":{"insumo_id":"","user_id":"1","profesor_encargado":"Analia","cantidad_usada":"5","descripcion":"asd"}}
2025-11-05T19:31:53.243Z | userId:anon | user:anon | ruta:/users/login | accion:POST /users/login | ip:::1 | datos:{"body":{"email":"c@gmail.com","password":"12345678"}}
2025-11-05T19:31:53.302Z | userId:10 | user:dsadsad | ruta:/users/login | accion:Iniciar sesión | ip:::1 | datos:{"userId":10,"email":"c@gmail.com"}
2025-11-05T19:32:04.329Z | userId:10 | user:dsadsad | ruta:/usosInsumos/store | accion:POST /usosInsumos/store | ip:::1 | datos:{"body":{"insumo_id":"1","user_id":"2","profesor_encargado":"Analia","cantidad_usada":"89","descripcion":"hjhgjb"}}
2025-11-05T19:32:23.906Z | userId:anon | user:anon | ruta:/usosInsumos/store | accion:POST /usosInsumos/store | ip:::1 | datos:{"body":{"insumo_id":"1","user_id":"2","profesor_encargado":"Analia","cantidad_usada":"89","descripcion":"hjhgjb"}}
2025-11-05T19:34:36.154Z | userId:anon | user:anon | ruta:/usosInsumos/store | accion:POST /usosInsumos/store | ip:::1 | datos:{"body":{"insumo_id":"1","user_id":"2","profesor_encargado":"Analia","cantidad_usada":"89","descripcion":"hjhgjb"}}
2025-11-05T19:34:39.647Z | userId:anon | user:anon | ruta:/users/login | accion:POST /users/login | ip:::1 | datos:{"body":{"email":"c@gmail.com","password":"12345678"}}
2025-11-05T19:34:39.709Z | userId:10 | user:dsadsad | ruta:/users/login | accion:Iniciar sesión | ip:::1 | datos:{"userId":10,"email":"c@gmail.com"}
2025-11-05T19:34:50.901Z | userId:10 | user:dsadsad | ruta:/usosInsumos/store | accion:POST /usosInsumos/store | ip:::1 | datos:{"body":{"insumo_id":"1","user_id":"4","profesor_encargado":"Analia","cantidad_usada":"76","descripcion":"jnij"}}
2025-11-05T19:35:45.360Z | userId:10 | user:dsadsad | ruta:/usosInsumos/store | accion:POST /usosInsumos/store | ip:::1 | datos:{"body":{"insumo_id":"1","user_id":"4","profesor_encargado":"Analia","cantidad_usada":"76","descripcion":"jnij"}}
2025-11-05T19:36:12.585Z | userId:10 | user:dsadsad | ruta:/usosInsumos/store | accion:POST /usosInsumos/store | ip:::1 | datos:{"body":{"insumo_id":"1","user_id":"4","profesor_encargado":"Analia","cantidad_usada":"76","descripcion":"jnij"}}
2025-11-05T19:36:23.401Z | userId:10 | user:dsadsad | ruta:/usosInsumos/store | accion:POST /usosInsumos/store | ip:::1 | datos:{"body":{"insumo_id":"1","user_id":"5","profesor_encargado":"Analia","cantidad_usada":"3","descripcion":"buygb"}}
2025-11-05T19:37:05.984Z | userId:10 | user:dsadsad | ruta:/usosInsumos/store | accion:POST /usosInsumos/store | ip:::1 | datos:{"body":{"insumo_id":"1","user_id":"5","profesor_encargado":"Analia","cantidad_usada":"3","descripcion":"buygb"}}
2025-11-05T19:37:22.585Z | userId:10 | user:dsadsad | ruta:/usosInsumos/store | accion:POST /usosInsumos/store | ip:::1 | datos:{"body":{"insumo_id":"1","user_id":"5","profesor_encargado":"Analia","cantidad_usada":"3","descripcion":"buygb"}}
2025-11-05T19:37:41.336Z | userId:10 | user:dsadsad | ruta:/usosInsumos/store | accion:POST /usosInsumos/store | ip:::1 | datos:{"body":{"insumo_id":"2","user_id":"4","profesor_encargado":"Analia","cantidad_usada":"3","descripcion":"buygb"}}
2025-11-05T19:39:29.292Z | userId:anon | user:anon | ruta:/usosInsumos/store | accion:POST /usosInsumos/store | ip:::1 | datos:{"body":{"insumo_id":"2","user_id":"4","profesor_encargado":"Analia","cantidad_usada":"3","descripcion":"buygb"}}
2025-11-05T19:39:33.572Z | userId:anon | user:anon | ruta:/users/login | accion:POST /users/login | ip:::1 | datos:{"body":{"email":"c@gmail.com","password":"12345678"}}
2025-11-05T19:39:33.627Z | userId:10 | user:dsadsad | ruta:/users/login | accion:Iniciar sesión | ip:::1 | datos:{"userId":10,"email":"c@gmail.com"}
2025-11-05T19:39:51.908Z | userId:10 | user:dsadsad | ruta:/usosInsumos/store | accion:POST /usosInsumos/store | ip:::1 | datos:{"body":{"insumo_id":"1","estudiante_id":"2","profesor_encargado":"Analia","cantidad_usada":"3","descripcion":"bhbjhbhjbj"}}
2025-11-05T19:41:02.404Z | userId:anon | user:anon | ruta:/usosInsumos/store | accion:POST /usosInsumos/store | ip:::1 | datos:{"body":{"insumo_id":"1","estudiante_id":"2","profesor_encargado":"Analia","cantidad_usada":"3","descripcion":"bhbjhbhjbj"}}
2025-11-05T19:45:47.831Z | userId:anon | user:anon | ruta:/users/login | accion:POST /users/login | ip:::1 | datos:{"body":{"email":"c@gmail.com","password":"12345678"}}
2025-11-05T19:45:47.890Z | userId:10 | user:dsadsad | ruta:/users/login | accion:Iniciar sesión | ip:::1 | datos:{"userId":10,"email":"c@gmail.com"}
2025-11-05T19:47:09.457Z | userId:anon | user:anon | ruta:/users/login | accion:POST /users/login | ip:::1 | datos:{"body":{"email":"c@gmail.com","password":"12345678"}}
2025-11-05T19:47:09.519Z | userId:10 | user:dsadsad | ruta:/users/login | accion:Iniciar sesión | ip:::1 | datos:{"userId":10,"email":"c@gmail.com"}
2025-11-05T19:51:58.416Z | userId:anon | user:anon | ruta:/users/login | accion:POST /users/login | ip:::1 | datos:{"body":{"email":"c@gmail.com","password":"12345678"}}
2025-11-05T19:51:58.476Z | userId:10 | user:dsadsad | ruta:/users/login | accion:Iniciar sesión | ip:::1 | datos:{"userId":10,"email":"c@gmail.com"}
2025-11-05T19:53:04.950Z | userId:anon | user:anon | ruta:/users/login | accion:POST /users/login | ip:::1 | datos:{"body":{"email":"c@gmail.com","password":"12345678"}}
2025-11-05T19:53:05.011Z | userId:10 | user:dsadsad | ruta:/users/login | accion:Iniciar sesión | ip:::1 | datos:{"userId":10,"email":"c@gmail.com"}
2025-11-05T19:54:53.769Z | userId:anon | user:anon | ruta:/users/login | accion:POST /users/login | ip:::1 | datos:{"body":{"email":"c@gmail.com","password":"12345678"}}
2025-11-05T19:54:53.828Z | userId:10 | user:dsadsad | ruta:/users/login | accion:Iniciar sesión | ip:::1 | datos:{"userId":10,"email":"c@gmail.com"}
2025-11-07T00:20:46.004Z | userId:anon | user:anon | ruta:/users/login | accion:POST /users/login | ip:::1 | datos:{"body":{"email":"c@gmail.com","password":"12345678"}}
2025-11-07T00:20:46.067Z | userId:10 | user:dsadsad | ruta:/users/login | accion:Iniciar sesión | ip:::1 | datos:{"userId":10,"email":"c@gmail.com"}
2025-11-07T00:33:18.085Z | userId:anon | user:anon | ruta:/users/login | accion:POST /users/login | ip:::1 | datos:{"body":{"email":"c@gmail.com","password":"12345678"}}
2025-11-07T00:33:18.148Z | userId:10 | user:dsadsad | ruta:/users/login | accion:Iniciar sesión | ip:::1 | datos:{"userId":10,"email":"c@gmail.com"}
2025-11-07T00:33:24.316Z | userId:10 | user:dsadsad | ruta:/usosInsumos | accion:POST /usosInsumos | ip:::1 | datos:{"body":{"q":"ads"}}
2025-11-07T00:34:03.404Z | userId:anon | user:anon | ruta:/users/login | accion:POST /users/login | ip:::1 | datos:{"body":{"email":"c@gmail.com","password":"12345678"}}
2025-11-07T00:34:03.468Z | userId:10 | user:dsadsad | ruta:/users/login | accion:Iniciar sesión | ip:::1 | datos:{"userId":10,"email":"c@gmail.com"}
2025-11-07T00:34:05.379Z | userId:10 | user:dsadsad | ruta:/usosInsumos | accion:POST /usosInsumos | ip:::1 | datos:{"body":{"q":""}}
2025-11-07T00:34:17.997Z | userId:10 | user:dsadsad | ruta:/ | accion:POST / | ip:::1 | datos:{"body":{"q":"robert"}}
2025-11-07T00:34:23.597Z | userId:10 | user:dsadsad | ruta:/ | accion:POST / | ip:::1 | datos:{"body":{"q":"martillo"}}
2025-11-07T00:34:27.041Z | userId:10 | user:dsadsad | ruta:/ | accion:POST / | ip:::1 | datos:{"body":{"q":""}}
2025-11-07T00:34:30.917Z | userId:10 | user:dsadsad | ruta:/ | accion:POST / | ip:::1 | datos:{"body":{"q":"llave"}}
2025-11-07T00:35:25.150Z | userId:10 | user:dsadsad | ruta:/usosInsumos/store | accion:POST /usosInsumos/store | ip:::1 | datos:{"body":{"insumo_id":"1","estudiante_id":"4","profesor_encargado":"Pablo","cantidad_usada":"1","descripcion":"asdasda"}}
2025-11-07T00:35:31.478Z | userId:10 | user:dsadsad | ruta:/usosInsumos | accion:POST /usosInsumos | ip:::1 | datos:{"body":{"q":"laime"}}
2025-11-07T00:36:14.532Z | userId:10 | user:dsadsad | ruta:/usosInsumos | accion:POST /usosInsumos | ip:::1 | datos:{"body":{"q":""}}
2025-11-07T00:36:49.441Z | userId:anon | user:anon | ruta:/users/login | accion:POST /users/login | ip:::1 | datos:{"body":{"email":"c@gmail.com","password":"12345678"}}
2025-11-07T00:36:49.504Z | userId:10 | user:dsadsad | ruta:/users/login | accion:Iniciar sesión | ip:::1 | datos:{"userId":10,"email":"c@gmail.com"}
2025-11-07T00:37:00.369Z | userId:10 | user:dsadsad | ruta:/usosInsumos | accion:POST /usosInsumos | ip:::1 | datos:{"body":{"q":"laime"}}
2025-11-07T00:37:05.463Z | userId:10 | user:dsadsad | ruta:/usosInsumos | accion:POST /usosInsumos | ip:::1 | datos:{"body":{"q":"ana"}}
2025-11-07T00:37:10.160Z | userId:10 | user:dsadsad | ruta:/usosInsumos | accion:POST /usosInsumos | ip:::1 | datos:{"body":{"q":"1"}}
2025-11-07T00:37:49.158Z | userId:anon | user:anon | ruta:/users/login | accion:POST /users/login | ip:::1 | datos:{"body":{"email":"c@gmail.com","password":"12345678"}}
2025-11-07T00:37:49.217Z | userId:10 | user:dsadsad | ruta:/users/login | accion:Iniciar sesión | ip:::1 | datos:{"userId":10,"email":"c@gmail.com"}
2025-11-07T00:37:52.601Z | userId:10 | user:dsadsad | ruta:/usosInsumos | accion:POST /usosInsumos | ip:::1 | datos:{"body":{"q":"3"}}
2025-11-07T00:37:55.305Z | userId:10 | user:dsadsad | ruta:/usosInsumos | accion:POST /usosInsumos | ip:::1 | datos:{"body":{"q":"1"}}
2025-11-07T00:37:56.779Z | userId:10 | user:dsadsad | ruta:/usosInsumos | accion:POST /usosInsumos | ip:::1 | datos:{"body":{"q":""}}
2025-11-07T00:44:33.335Z | userId:anon | user:anon | ruta:/users/login | accion:POST /users/login | ip:::1 | datos:{"body":{"email":"c@gmail.com","password":"12345678"}}
2025-11-07T00:44:33.395Z | userId:10 | user:dsadsad | ruta:/users/login | accion:Iniciar sesión | ip:::1 | datos:{"userId":10,"email":"c@gmail.com"}
2025-11-07T00:45:09.020Z | userId:anon | user:anon | ruta:/users/login | accion:POST /users/login | ip:::1 | datos:{"body":{"email":"c@gmail.com","password":"12345678"}}
2025-11-07T00:45:09.081Z | userId:10 | user:dsadsad | ruta:/users/login | accion:Iniciar sesión | ip:::1 | datos:{"userId":10,"email":"c@gmail.com"}
2025-11-07T00:45:11.781Z | userId:10 | user:dsadsad | ruta:/usosInsumos/reportePDF | accion:POST /usosInsumos/reportePDF | ip:::1 | datos:{"body":{}}
2025-11-07T00:45:52.637Z | userId:anon | user:anon | ruta:/users/login | accion:POST /users/login | ip:::1 | datos:{"body":{"email":"c@gmail.com","password":"12345678"}}
2025-11-07T00:45:52.697Z | userId:10 | user:dsadsad | ruta:/users/login | accion:Iniciar sesión | ip:::1 | datos:{"userId":10,"email":"c@gmail.com"}
2025-11-07T00:45:54.382Z | userId:10 | user:dsadsad | ruta:/usosInsumos/reportePDF | accion:POST /usosInsumos/reportePDF | ip:::1 | datos:{"body":{}}
2025-11-07T00:46:54.711Z | userId:anon | user:anon | ruta:/usosInsumos/reportePDF | accion:POST /usosInsumos/reportePDF | ip:::1 | datos:{"body":{}}
2025-11-07T00:47:13.966Z | userId:anon | user:anon | ruta:/users/login | accion:POST /users/login | ip:::1 | datos:{"body":{"email":"c@gmail.com","password":"12345678"}}
2025-11-07T00:47:14.027Z | userId:10 | user:dsadsad | ruta:/users/login | accion:Iniciar sesión | ip:::1 | datos:{"userId":10,"email":"c@gmail.com"}
2025-11-07T00:47:15.817Z | userId:10 | user:dsadsad | ruta:/usosInsumos/reportePDF | accion:POST /usosInsumos/reportePDF | ip:::1 | datos:{"body":{}}
2025-11-07T00:48:32.031Z | userId:anon | user:anon | ruta:/usosInsumos/reportePDF | accion:POST /usosInsumos/reportePDF | ip:::1 | datos:{"body":{}}
2025-11-07T00:48:57.158Z | userId:anon | user:anon | ruta:/usosInsumos/reportePDF | accion:POST /usosInsumos/reportePDF | ip:::1 | datos:{"body":{}}
2025-11-07T00:48:57.207Z | userId:anon | user:anon | ruta:/usosInsumos/reportePDF | accion:Generar reporte PDF de usos de insumos | ip:::1 | datos:{"totalUsos":3}
2025-11-07T00:49:16.455Z | userId:anon | user:anon | ruta:/usosInsumos/reportePDF | accion:POST /usosInsumos/reportePDF | ip:::ffff:127.0.0.1 | datos:{"body":{}}
2025-11-07T00:49:16.469Z | userId:anon | user:anon | ruta:/usosInsumos/reportePDF | accion:Generar reporte PDF de usos de insumos | ip:::ffff:127.0.0.1 | datos:{"totalUsos":3}
2025-11-07T00:50:47.519Z | userId:anon | user:anon | ruta:/usosInsumos/reportePDF | accion:POST /usosInsumos/reportePDF | ip:::1 | datos:{"body":{}}
2025-11-07T00:50:47.571Z | userId:anon | user:anon | ruta:/usosInsumos/reportePDF | accion:Generar reporte PDF de usos de insumos | ip:::1 | datos:{"totalUsos":3}
2025-11-07T00:51:21.490Z | userId:anon | user:anon | ruta:/users/login | accion:POST /users/login | ip:::1 | datos:{"body":{"email":"c@gmail.com","password":"12345678"}}
2025-11-07T00:51:21.550Z | userId:10 | user:dsadsad | ruta:/users/login | accion:Iniciar sesión | ip:::1 | datos:{"userId":10,"email":"c@gmail.com"}
2025-11-07T00:51:28.758Z | userId:10 | user:dsadsad | ruta:/usosInsumos/reportePDF | accion:POST /usosInsumos/reportePDF | ip:::1 | datos:{"body":{}}
2025-11-07T00:51:28.770Z | userId:10 | user:dsadsad | ruta:/usosInsumos/reportePDF | accion:Generar reporte PDF de usos de insumos | ip:::1 | datos:{"totalUsos":3}
2025-11-07T00:51:28.791Z | userId:10 | user:dsadsad | ruta:/usosInsumos/reportePDF | accion:POST /usosInsumos/reportePDF | ip:::1 | datos:{"body":{}}
2025-11-07T00:51:28.800Z | userId:10 | user:dsadsad | ruta:/usosInsumos/reportePDF | accion:Generar reporte PDF de usos de insumos | ip:::1 | datos:{"totalUsos":3}
2025-11-07T00:52:51.206Z | userId:anon | user:anon | ruta:/usosInsumos/reportePDF | accion:POST /usosInsumos/reportePDF | ip:::1 | datos:{"body":{}}
2025-11-07T00:52:51.264Z | userId:anon | user:anon | ruta:/usosInsumos/reportePDF | accion:Generar reporte PDF de usos de insumos | ip:::1 | datos:{"totalUsos":3}
2025-11-07T00:53:11.095Z | userId:anon | user:anon | ruta:/users/login | accion:POST /users/login | ip:::1 | datos:{"body":{"email":"c@gmail.com","password":"12345678"}}
2025-11-07T00:53:11.154Z | userId:10 | user:dsadsad | ruta:/users/login | accion:Iniciar sesión | ip:::1 | datos:{"userId":10,"email":"c@gmail.com"}
2025-11-07T00:53:13.044Z | userId:10 | user:dsadsad | ruta:/usosInsumos/reportePDF | accion:POST /usosInsumos/reportePDF | ip:::1 | datos:{"body":{}}
2025-11-07T00:53:13.053Z | userId:10 | user:dsadsad | ruta:/usosInsumos/reportePDF | accion:Generar reporte PDF de usos de insumos | ip:::1 | datos:{"totalUsos":3}
2025-11-07T00:54:14.751Z | userId:anon | user:anon | ruta:/users/login | accion:POST /users/login | ip:::1 | datos:{"body":{"email":"c@gmail.com","password":"12345678"}}
2025-11-07T00:54:14.811Z | userId:10 | user:dsadsad | ruta:/users/login | accion:Iniciar sesión | ip:::1 | datos:{"userId":10,"email":"c@gmail.com"}
2025-11-07T00:54:16.512Z | userId:10 | user:dsadsad | ruta:/usosInsumos/reportePDF | accion:POST /usosInsumos/reportePDF | ip:::1 | datos:{"body":{}}
2025-11-07T00:54:16.531Z | userId:10 | user:dsadsad | ruta:/usosInsumos/reportePDF | accion:Generar reporte PDF de usos de insumos | ip:::1 | datos:{"totalUsos":3}
2025-11-07T00:54:16.562Z | userId:10 | user:dsadsad | ruta:/usosInsumos/reportePDF | accion:POST /usosInsumos/reportePDF | ip:::1 | datos:{"body":{}}
2025-11-07T00:54:16.573Z | userId:10 | user:dsadsad | ruta:/usosInsumos/reportePDF | accion:Generar reporte PDF de usos de insumos | ip:::1 | datos:{"totalUsos":3}
2025-11-07T00:55:02.787Z | userId:anon | user:anon | ruta:/users/login | accion:POST /users/login | ip:::1 | datos:{"body":{"email":"c@gmail.com","password":"12345678"}}
2025-11-07T00:55:02.850Z | userId:10 | user:dsadsad | ruta:/users/login | accion:Iniciar sesión | ip:::1 | datos:{"userId":10,"email":"c@gmail.com"}
2025-11-07T00:55:04.863Z | userId:10 | user:dsadsad | ruta:/usosInsumos/reportePDF | accion:POST /usosInsumos/reportePDF | ip:::1 | datos:{"body":{}}
2025-11-07T00:55:04.881Z | userId:10 | user:dsadsad | ruta:/usosInsumos/reportePDF | accion:Generar reporte PDF de usos de insumos | ip:::1 | datos:{"totalUsos":3}
2025-11-07T00:55:10.066Z | userId:10 | user:dsadsad | ruta:/usosInsumos/reportePDF | accion:POST /usosInsumos/reportePDF | ip:::1 | datos:{"body":{}}
2025-11-07T00:55:10.078Z | userId:10 | user:dsadsad | ruta:/usosInsumos/reportePDF | accion:Generar reporte PDF de usos de insumos | ip:::1 | datos:{"totalUsos":3}
2025-11-07T00:55:12.080Z | userId:10 | user:dsadsad | ruta:/usosInsumos/reportePDF | accion:POST /usosInsumos/reportePDF | ip:::1 | datos:{"body":{}}
2025-11-07T00:55:12.090Z | userId:10 | user:dsadsad | ruta:/usosInsumos/reportePDF | accion:Generar reporte PDF de usos de insumos | ip:::1 | datos:{"totalUsos":3}
2025-11-07T00:55:12.196Z | userId:10 | user:dsadsad | ruta:/usosInsumos/reportePDF | accion:POST /usosInsumos/reportePDF | ip:::1 | datos:{"body":{}}
2025-11-07T00:55:12.204Z | userId:10 | user:dsadsad | ruta:/usosInsumos/reportePDF | accion:Generar reporte PDF de usos de insumos | ip:::1 | datos:{"totalUsos":3}
2025-11-07T00:55:23.614Z | userId:10 | user:dsadsad | ruta:/usosInsumos/reportePDF | accion:POST /usosInsumos/reportePDF | ip:::1 | datos:{"body":{}}
2025-11-07T00:55:23.624Z | userId:10 | user:dsadsad | ruta:/usosInsumos/reportePDF | accion:Generar reporte PDF de usos de insumos | ip:::1 | datos:{"totalUsos":3}
2025-11-07T00:56:10.156Z | userId:anon | user:anon | ruta:/usosInsumos/store | accion:POST /usosInsumos/store | ip:::1 | datos:{"body":{"insumo_id":"1","estudiante_id":"3","profesor_encargado":"Pablo","cantidad_usada":"0","descripcion":"asdfafafdsgdsgfdhhhhhhhhhhhhhhhhhhhhhhhhhhhhhhhhhhhhhhhhhhhhhhhhhhhhhhhhhhhhhhhhhklmvclkmlbkmcvb"}}
2025-11-07T00:58:10.652Z | userId:anon | user:anon | ruta:/usosInsumos/reportePDF | accion:POST /usosInsumos/reportePDF | ip:::1 | datos:{"body":{}}
2025-11-07T00:58:10.680Z | userId:anon | user:anon | ruta:/usosInsumos/reportePDF | accion:Generar reporte PDF de usos de insumos | ip:::1 | datos:{"totalUsos":4}
2025-11-07T00:59:14.229Z | userId:anon | user:anon | ruta:/usosInsumos/reportePDF | accion:POST /usosInsumos/reportePDF | ip:::1 | datos:{"body":{}}
2025-11-07T00:59:14.284Z | userId:anon | user:anon | ruta:/usosInsumos/reportePDF | accion:Generar reporte PDF de usos de insumos | ip:::1 | datos:{"totalUsos":4}
2025-11-07T01:04:11.517Z | userId:anon | user:anon | ruta:/usosInsumos/reportePDF | accion:POST /usosInsumos/reportePDF | ip:::1 | datos:{"body":{}}
2025-11-07T01:04:11.541Z | userId:anon | user:anon | ruta:/usosInsumos/reportePDF | accion:Generar reporte PDF de usos de insumos | ip:::1 | datos:{"totalUsos":4}
2025-11-07T01:06:24.996Z | userId:anon | user:anon | ruta:/users/login | accion:POST /users/login | ip:::1 | datos:{"body":{"email":"c@gmail.com","password":"12345678"}}
2025-11-07T01:06:25.055Z | userId:10 | user:dsadsad | ruta:/users/login | accion:Iniciar sesión | ip:::1 | datos:{"userId":10,"email":"c@gmail.com"}
2025-11-07T01:09:57.270Z | userId:10 | user:dsadsad | ruta:/2/devolver | accion:POST /2/devolver | ip:::1 | datos:{"body":{"id":"2"}}
2025-11-07T01:09:59.053Z | userId:10 | user:dsadsad | ruta:/3/devolver | accion:POST /3/devolver | ip:::1 | datos:{"body":{"id":"3"}}
2025-11-07T01:10:00.170Z | userId:10 | user:dsadsad | ruta:/1/devolver | accion:POST /1/devolver | ip:::1 | datos:{"body":{"id":"1"}}
2025-11-07T01:12:38.788Z | userId:10 | user:dsadsad | ruta:/users/profile | accion:POST /users/profile | ip:::1 | datos:{"body":{}}
2025-11-07T01:12:38.789Z | userId:10 | user:dsadsad | ruta:/users/profile | accion:Cerrar sesión | ip:::1 | datos:{"userId":10,"email":"c@gmail.com"}
2025-11-07T01:13:22.090Z | userId:anon | user:anon | ruta:/users/login | accion:POST /users/login | ip:::1 | datos:{"body":{"email":"c@gmail.com","password":"12345678"}}
2025-11-07T01:13:22.139Z | userId:10 | user:dsadsad | ruta:/users/login | accion:Iniciar sesión | ip:::1 | datos:{"userId":10,"email":"c@gmail.com"}
2025-11-07T01:13:58.024Z | userId:10 | user:dsadsad | ruta:/users/edit | accion:POST /users/edit | ip:::1 | datos:{}
2025-11-07T01:13:58.035Z | userId:10 | user:dsadsad | ruta:/users/edit | accion:Actualizar perfil | ip:::1 | datos:{"userId":10,"email":"c@gmail.com"}
2025-11-07T01:18:56.474Z | userId:anon | user:anon | ruta:/users/login | accion:POST /users/login | ip:::1 | datos:{"body":{"email":"c@gmail.com","password":"12345678"}}
2025-11-07T01:18:56.536Z | userId:10 | user:dsadsad | ruta:/users/login | accion:Iniciar sesión | ip:::1 | datos:{"userId":10,"email":"c@gmail.com"}
2025-11-07T01:22:46.944Z | userId:anon | user:anon | ruta:/users/login | accion:POST /users/login | ip:::1 | datos:{"body":{"email":"c@gmail.com","password":"12345678"}}
2025-11-07T01:22:47.007Z | userId:10 | user:dsadsad | ruta:/users/login | accion:Iniciar sesión | ip:::1 | datos:{"userId":10,"email":"c@gmail.com"}
2025-11-07T01:24:51.530Z | userId:anon | user:anon | ruta:/users/login | accion:POST /users/login | ip:::1 | datos:{"body":{"email":"c@gmail.com","password":"12345678"}}
2025-11-07T01:24:51.589Z | userId:10 | user:dsadsad | ruta:/users/login | accion:Iniciar sesión | ip:::1 | datos:{"userId":10,"email":"c@gmail.com"}
2025-11-07T17:31:13.120Z | userId:anon | user:anon | ruta:/users/login | accion:POST /users/login | ip:::1 | datos:{"body":{"email":"c@gmail.com","password":"12345678"}}
2025-11-07T17:31:13.184Z | userId:10 | user:dsadsad | ruta:/users/login | accion:Iniciar sesión | ip:::1 | datos:{"userId":10,"email":"c@gmail.com"}
2025-11-07T17:38:40.891Z | userId:anon | user:anon | ruta:/users/login | accion:POST /users/login | ip:::1 | datos:{"body":{"email":"c@gmail.com","password":"12345678"}}
2025-11-07T17:38:40.951Z | userId:10 | user:dsadsad | ruta:/users/login | accion:Iniciar sesión | ip:::1 | datos:{"userId":10,"email":"c@gmail.com"}
2025-11-07T17:40:44.995Z | userId:anon | user:anon | ruta:/users/login | accion:POST /users/login | ip:::ffff:127.0.0.1 | datos:{"body":{"email":"c@gmail.com","password":"12345678"}}
2025-11-07T17:40:45.069Z | userId:10 | user:dsadsad | ruta:/users/login | accion:Iniciar sesión | ip:::ffff:127.0.0.1 | datos:{"userId":10,"email":"c@gmail.com"}
2025-11-07T17:46:32.136Z | userId:anon | user:anon | ruta:/users/login | accion:POST /users/login | ip:::1 | datos:{"body":{"email":"c@gmail.com","password":"12345678"}}
2025-11-07T17:46:32.199Z | userId:10 | user:dsadsad | ruta:/users/login | accion:Iniciar sesión | ip:::1 | datos:{"userId":10,"email":"c@gmail.com"}
2025-11-07T17:51:00.209Z | userId:anon | user:anon | ruta:/users/login | accion:POST /users/login | ip:::1 | datos:{"body":{"email":"c@gmail.com","password":"12345678"}}
2025-11-07T17:51:00.271Z | userId:10 | user:dsadsad | ruta:/users/login | accion:Iniciar sesión | ip:::1 | datos:{"userId":10,"email":"c@gmail.com"}
2025-11-07T17:52:50.615Z | userId:anon | user:anon | ruta:/users/login | accion:POST /users/login | ip:::1 | datos:{"body":{"email":"c@gmail.com","password":"12345678"}}
2025-11-07T17:52:50.681Z | userId:10 | user:dsadsad | ruta:/users/login | accion:Iniciar sesión | ip:::1 | datos:{"userId":10,"email":"c@gmail.com"}
2025-11-07T17:54:47.532Z | userId:anon | user:anon | ruta:/users/login | accion:POST /users/login | ip:::1 | datos:{"body":{"email":"c@gmail.com","password":"12345678"}}
2025-11-07T17:54:47.606Z | userId:10 | user:dsadsad | ruta:/users/login | accion:Iniciar sesión | ip:::1 | datos:{"userId":10,"email":"c@gmail.com"}
2025-11-07T17:55:16.194Z | userId:10 | user:dsadsad | ruta:/prestamos/add | accion:POST /prestamos/add | ip:::1 | datos:{"body":{"estudiante":"5","herramienta":"3","profesor":"Carlos Pablo","cantidad":"4","observaciones":"sadsadasd","fecha_devolucion":"9/4/2007 09:40"}}
2025-11-07T17:55:53.653Z | userId:anon | user:anon | ruta:/prestamos/add | accion:POST /prestamos/add | ip:::1 | datos:{"body":{"estudiante":"5","herramienta":"3","profesor":"Carlos Pablo","cantidad":"4","observaciones":"sadsadasd","fecha_devolucion":"9/4/2007 09:40"}}
2025-11-07T17:56:28.606Z | userId:anon | user:anon | ruta:/prestamos/add | accion:POST /prestamos/add | ip:::1 | datos:{"body":{"estudiante":"5","herramienta":"3","profesor":"Carlos Pablo","cantidad":"4","observaciones":"sadsadasd","fecha_devolucion":"9/4/2007 09:40"}}
2025-11-07T17:56:34.411Z | userId:anon | user:anon | ruta:/users/login | accion:POST /users/login | ip:::1 | datos:{"body":{"email":"c@gmail.com","password":"12345678"}}
2025-11-07T17:56:34.468Z | userId:10 | user:dsadsad | ruta:/users/login | accion:Iniciar sesión | ip:::1 | datos:{"userId":10,"email":"c@gmail.com"}
2025-11-07T17:57:05.285Z | userId:anon | user:anon | ruta:/users/login | accion:POST /users/login | ip:::1 | datos:{"body":{"email":"c@gmail.com","password":"12345678"}}
2025-11-07T17:57:05.344Z | userId:10 | user:dsadsad | ruta:/users/login | accion:Iniciar sesión | ip:::1 | datos:{"userId":10,"email":"c@gmail.com"}
2025-11-07T17:57:36.597Z | userId:10 | user:dsadsad | ruta:/prestamos/4/editar | accion:POST /prestamos/4/editar | ip:::1 | datos:{"body":{"alumno_id":"1","herramienta_id":"1","profesor":"Carlos Pablo","fecha_prestamo":"Fri Nov 07 2025 14:56:28 GMT-0300 (hora estándar de Argentina)","fecha_devolucion":"9/4/2007 23:59","estado":"Pendiente"}}
2025-11-07T17:58:37.407Z | userId:anon | user:anon | ruta:/prestamos/4/editar | accion:POST /prestamos/4/editar | ip:::1 | datos:{"body":{"alumno_id":"1","herramienta_id":"1","profesor":"Carlos Pablo","fecha_prestamo":"Fri Nov 07 2025 14:56:28 GMT-0300 (hora estándar de Argentina)","fecha_devolucion":"9/4/2007 23:59","estado":"Pendiente"}}
2025-11-07T17:59:08.465Z | userId:anon | user:anon | ruta:/users/login | accion:POST /users/login | ip:::1 | datos:{"body":{"email":"c@gmail.com","password":"12345678"}}
2025-11-07T17:59:08.525Z | userId:10 | user:dsadsad | ruta:/users/login | accion:Iniciar sesión | ip:::1 | datos:{"userId":10,"email":"c@gmail.com"}
2025-11-07T18:03:32.488Z | userId:10 | user:dsadsad | ruta:/prestamos/4/editar | accion:POST /prestamos/4/editar | ip:::1 | datos:{"body":{"alumno_id":"1","herramienta_id":"3","profesor":"Carlos Pablo","fecha_prestamo":"Fri Nov 07 2025 14:56:28 GMT-0300 (hora estándar de Argentina)","fecha_devolucion":"","estado":"Pendiente"}}
2025-11-07T18:05:30.765Z | userId:anon | user:anon | ruta:/prestamos/4/editar | accion:POST /prestamos/4/editar | ip:::1 | datos:{"body":{"alumno_id":"3","herramienta_id":"3","profesor":"Carlos Pablo","fecha_prestamo":"Fri Nov 07 2025 14:56:28 GMT-0300 (hora estándar de Argentina)","fecha_devolucion":"","estado":"Pendiente"}}
2025-11-07T18:07:12.221Z | userId:anon | user:anon | ruta:/prestamos/4/editar | accion:POST /prestamos/4/editar | ip:::1 | datos:{"body":{"alumno_id":"1","herramienta_id":"3","profesor":"Carlos Pablo","fecha_prestamo":"Fri Nov 07 2025 14:56:28 GMT-0300 (hora estándar de Argentina)","fecha_devolucion":"","estado":"Pendiente"}}
2025-11-07T18:07:25.452Z | userId:anon | user:anon | ruta:/prestamos/4/editar | accion:POST /prestamos/4/editar | ip:::1 | datos:{"body":{"alumno_id":"3","herramienta_id":"3","profesor":"Carlos Pablo","fecha_prestamo":"Fri Nov 07 2025 14:56:28 GMT-0300 (hora estándar de Argentina)","fecha_devolucion":"","estado":"Pendiente"}}
2025-11-07T18:07:48.962Z | userId:anon | user:anon | ruta:/users/login | accion:POST /users/login | ip:::1 | datos:{"body":{"email":"c@gmail.com","password":"12345678"}}
2025-11-07T18:07:49.022Z | userId:10 | user:dsadsad | ruta:/users/login | accion:Iniciar sesión | ip:::1 | datos:{"userId":10,"email":"c@gmail.com"}
2025-11-07T18:07:59.529Z | userId:10 | user:dsadsad | ruta:/prestamos/4/editar | accion:POST /prestamos/4/editar | ip:::1 | datos:{"body":{"alumno_id":"3","herramienta_id":"1","profesor":"Carlos Pablo","fecha_prestamo":"Fri Nov 07 2025 14:56:28 GMT-0300 (hora estándar de Argentina)","fecha_devolucion":"","estado":"Pendiente"}}
2025-11-07T18:08:54.721Z | userId:anon | user:anon | ruta:/prestamos/4/editar | accion:POST /prestamos/4/editar | ip:::1 | datos:{"body":{"alumno_id":"3","herramienta_id":"3","profesor":"Carlos Pablo","fecha_prestamo":"Fri Nov 07 2025 14:56:28 GMT-0300 (hora estándar de Argentina)","fecha_devolucion":"","estado":"Pendiente"}}
2025-11-07T18:09:55.606Z | userId:anon | user:anon | ruta:/users/login | accion:POST /users/login | ip:::1 | datos:{"body":{"email":"c@gmail.com","password":"12345678"}}
2025-11-07T18:09:55.682Z | userId:10 | user:dsadsad | ruta:/users/login | accion:Iniciar sesión | ip:::1 | datos:{"userId":10,"email":"c@gmail.com"}
2025-11-07T18:10:05.982Z | userId:10 | user:dsadsad | ruta:/prestamos/4/editar | accion:POST /prestamos/4/editar | ip:::1 | datos:{"body":{"alumno_id":"2","herramienta_id":"3","profesor":"Carlos Pablo","fecha_prestamo":"Fri Nov 07 2025 14:56:28 GMT-0300 (hora estándar de Argentina)","fecha_devolucion":"","estado":"Pendiente"}}
2025-11-07T18:10:14.465Z | userId:10 | user:dsadsad | ruta:/prestamos/1/editar | accion:POST /prestamos/1/editar | ip:::1 | datos:{"body":{"alumno_id":"4","herramienta_id":"1","profesor":"Analia flores","fecha_prestamo":"Tue Oct 14 2025 13:54:07 GMT-0300 (hora estándar de Argentina)","fecha_devolucion":"Thu Nov 06 2025 22:10:00 GMT-0300 (hora estándar de Argentina)","estado":"Devuelto"}}
2025-11-07T18:14:02.330Z | userId:anon | user:anon | ruta:/prestamos/4/editar | accion:POST /prestamos/4/editar | ip:::1 | datos:{"body":{"alumno_id":"1","herramienta_id":"3","cantidad":"4","profesor":"Carlos Pablo","fecha_prestamo":"Fri Nov 07 2025 14:56:28 GMT-0300 (hora estándar de Argentina)","fecha_devolucion":"","estado":"Pendiente"}}
2025-11-07T18:14:09.172Z | userId:anon | user:anon | ruta:/prestamos/4/editar | accion:POST /prestamos/4/editar | ip:::1 | datos:{"body":{"alumno_id":"3","herramienta_id":"2","cantidad":"4","profesor":"Carlos Pablo","fecha_prestamo":"Fri Nov 07 2025 14:56:28 GMT-0300 (hora estándar de Argentina)","fecha_devolucion":"","estado":"Pendiente"}}
2025-11-07T18:14:17.755Z | userId:anon | user:anon | ruta:/prestamos/4/editar | accion:POST /prestamos/4/editar | ip:::1 | datos:{"body":{"alumno_id":"5","herramienta_id":"4","cantidad":"89","profesor":"Carlos Pablo","fecha_prestamo":"Fri Nov 07 2025 14:56:28 GMT-0300 (hora estándar de Argentina)","fecha_devolucion":"","estado":"Pendiente"}}
2025-11-07T18:22:28.634Z | userId:anon | user:anon | ruta:/users/login | accion:POST /users/login | ip:::1 | datos:{"body":{"email":"c@gmail.com","password":"12345678"}}
2025-11-07T18:22:28.693Z | userId:10 | user:dsadsad | ruta:/users/login | accion:Iniciar sesión | ip:::1 | datos:{"userId":10,"email":"c@gmail.com"}
2025-11-07T18:22:28.700Z | userId:anon | user:anon | ruta:/users/login | accion:POST /users/login | ip:::1 | datos:{"body":{"email":"c@gmail.com","password":"12345678"}}
2025-11-07T18:22:28.745Z | userId:10 | user:dsadsad | ruta:/users/login | accion:Iniciar sesión | ip:::1 | datos:{"userId":10,"email":"c@gmail.com"}
2025-11-07T18:23:03.337Z | userId:10 | user:dsadsad | ruta:/prestamos/4/editar | accion:POST /prestamos/4/editar | ip:::1 | datos:{"body":{"alumno_id":"5","herramienta_id":"4","cantidad":"1","profesor":"Carlos Pablo","fecha_prestamo":"Fri Nov 07 2025 14:56:28 GMT-0300 (hora estándar de Argentina)","fecha_devolucion":"","estado":"Pendiente"}}
2025-11-07T18:29:11.001Z | userId:anon | user:anon | ruta:/users/login | accion:POST /users/login | ip:::1 | datos:{"body":{"email":"c@gmail.com","password":"12345678"}}
2025-11-07T18:29:11.064Z | userId:10 | user:dsadsad | ruta:/users/login | accion:Iniciar sesión | ip:::1 | datos:{"userId":10,"email":"c@gmail.com"}
2025-11-07T18:30:18.520Z | userId:anon | user:anon | ruta:/users/login | accion:POST /users/login | ip:::1 | datos:{"body":{"email":"c@gmail.com","password":"12345678"}}
2025-11-07T18:30:18.583Z | userId:10 | user:dsadsad | ruta:/users/login | accion:Iniciar sesión | ip:::1 | datos:{"userId":10,"email":"c@gmail.com"}
2025-11-07T18:32:39.173Z | userId:anon | user:anon | ruta:/users/login | accion:POST /users/login | ip:::ffff:127.0.0.1 | datos:{"body":{"email":"c@gmail.com","password":"12345678"}}
2025-11-07T18:32:39.250Z | userId:10 | user:dsadsad | ruta:/users/login | accion:Iniciar sesión | ip:::ffff:127.0.0.1 | datos:{"userId":10,"email":"c@gmail.com"}
2025-11-07T18:33:39.075Z | userId:anon | user:anon | ruta:/users/login | accion:POST /users/login | ip:::1 | datos:{"body":{"email":"c@gmail.com","password":"12345678"}}
2025-11-07T18:33:39.135Z | userId:10 | user:dsadsad | ruta:/users/login | accion:Iniciar sesión | ip:::1 | datos:{"userId":10,"email":"c@gmail.com"}
2025-11-07T18:35:52.495Z | userId:anon | user:anon | ruta:/users/login | accion:POST /users/login | ip:::1 | datos:{"body":{"email":"c@gmail.com","password":"12345678"}}
2025-11-07T18:35:52.570Z | userId:10 | user:dsadsad | ruta:/users/login | accion:Iniciar sesión | ip:::1 | datos:{"userId":10,"email":"c@gmail.com"}
2025-11-07T18:38:09.615Z | userId:anon | user:anon | ruta:/users/login | accion:POST /users/login | ip:::1 | datos:{"body":{"email":"c@gmail.com","password":"12345678"}}
2025-11-07T18:38:09.676Z | userId:10 | user:dsadsad | ruta:/users/login | accion:Iniciar sesión | ip:::1 | datos:{"userId":10,"email":"c@gmail.com"}
2025-11-07T18:43:46.907Z | userId:anon | user:anon | ruta:/users/login | accion:POST /users/login | ip:::1 | datos:{"body":{"email":"c@gmail.com","password":"12345678"}}
2025-11-07T18:43:46.983Z | userId:10 | user:dsadsad | ruta:/users/login | accion:Iniciar sesión | ip:::1 | datos:{"userId":10,"email":"c@gmail.com"}
2025-11-07T18:45:23.144Z | userId:anon | user:anon | ruta:/users/login | accion:POST /users/login | ip:::1 | datos:{"body":{"email":"c@gmail.com","password":"12345678"}}
2025-11-07T18:45:23.219Z | userId:10 | user:dsadsad | ruta:/users/login | accion:Iniciar sesión | ip:::1 | datos:{"userId":10,"email":"c@gmail.com"}
2025-11-07T18:46:22.411Z | userId:anon | user:anon | ruta:/users/login | accion:POST /users/login | ip:::1 | datos:{"body":{"email":"c@gmail.com","password":"12345678"}}
2025-11-07T18:46:22.486Z | userId:10 | user:dsadsad | ruta:/users/login | accion:Iniciar sesión | ip:::1 | datos:{"userId":10,"email":"c@gmail.com"}
2025-11-07T18:47:03.929Z | userId:anon | user:anon | ruta:/users/login | accion:POST /users/login | ip:::1 | datos:{"body":{"email":"c@gmail.com","password":"12345678"}}
2025-11-07T18:47:03.991Z | userId:10 | user:dsadsad | ruta:/users/login | accion:Iniciar sesión | ip:::1 | datos:{"userId":10,"email":"c@gmail.com"}
2025-11-07T18:49:54.751Z | userId:anon | user:anon | ruta:/users/login | accion:POST /users/login | ip:::1 | datos:{"body":{"email":"c@gmail.com","password":"12345678"}}
2025-11-07T18:49:54.830Z | userId:10 | user:dsadsad | ruta:/users/login | accion:Iniciar sesión | ip:::1 | datos:{"userId":10,"email":"c@gmail.com"}
2025-11-07T18:50:02.644Z | userId:10 | user:dsadsad | ruta:/prestamos/4/editar | accion:POST /prestamos/4/editar | ip:::1 | datos:{"body":{"alumno_id":"5","herramienta_id":"4","cantidad":"1768","profesor":"Carlos Pablo","fecha_prestamo":"Fri Nov 07 2025 14:56:28 GMT-0300 (hora estándar de Argentina)","fecha_devolucion":"","estado":"Pendiente"}}
2025-11-07T18:50:19.823Z | userId:10 | user:dsadsad | ruta:/prestamos/4/editar | accion:POST /prestamos/4/editar | ip:::1 | datos:{"body":{"alumno_id":"5","herramienta_id":"4","cantidad":"1","profesor":"Carlos Pablo","fecha_prestamo":"Fri Nov 07 2025 14:56:28 GMT-0300 (hora estándar de Argentina)","fecha_devolucion":"","estado":"Pendiente"}}
2025-11-07T18:51:31.951Z | userId:anon | user:anon | ruta:/users/login | accion:POST /users/login | ip:::1 | datos:{"body":{"email":"c@gmail.com","password":"12345678"}}
2025-11-07T18:51:32.011Z | userId:10 | user:dsadsad | ruta:/users/login | accion:Iniciar sesión | ip:::1 | datos:{"userId":10,"email":"c@gmail.com"}
2025-11-07T18:51:32.016Z | userId:anon | user:anon | ruta:/users/login | accion:POST /users/login | ip:::1 | datos:{"body":{"email":"c@gmail.com","password":"12345678"}}
2025-11-07T18:51:32.067Z | userId:10 | user:dsadsad | ruta:/users/login | accion:Iniciar sesión | ip:::1 | datos:{"userId":10,"email":"c@gmail.com"}
2025-11-07T18:51:44.062Z | userId:10 | user:dsadsad | ruta:/prestamos/4/editar | accion:POST /prestamos/4/editar | ip:::1 | datos:{"body":{"alumno_id":"5","herramienta_id":"4","cantidad":"4","profesor":"Carlos Pablo","fecha_prestamo":"Fri Nov 07 2025 14:56:28 GMT-0300 (hora estándar de Argentina)","fecha_devolucion":"","estado":"Pendiente"}}
2025-11-07T18:53:20.222Z | userId:anon | user:anon | ruta:/users/login | accion:POST /users/login | ip:::1 | datos:{"body":{"email":"c@gmail.com","password":"12345678"}}
2025-11-07T18:53:20.284Z | userId:10 | user:dsadsad | ruta:/users/login | accion:Iniciar sesión | ip:::1 | datos:{"userId":10,"email":"c@gmail.com"}
2025-11-07T18:53:27.899Z | userId:10 | user:dsadsad | ruta:/prestamos/4/editar | accion:POST /prestamos/4/editar | ip:::1 | datos:{"body":{"alumno_id":"5","herramienta_id":"4","cantidad":"3","profesor":"Carlos Pablo","fecha_prestamo":"Fri Nov 07 2025 14:56:28 GMT-0300 (hora estándar de Argentina)","fecha_devolucion":"","estado":"Pendiente"}}
2025-11-07T18:55:57.114Z | userId:anon | user:anon | ruta:/prestamos/4/editar | accion:POST /prestamos/4/editar | ip:::1 | datos:{"body":{"alumno_id":"5","herramienta_id":"4","cantidad":"757","profesor":"Carlos Pablo","fecha_prestamo":"Fri Nov 07 2025 14:56:28 GMT-0300 (hora estándar de Argentina)","fecha_devolucion":"","estado":"Pendiente"}}
2025-11-07T18:56:23.784Z | userId:anon | user:anon | ruta:/prestamos/4/editar | accion:POST /prestamos/4/editar | ip:::1 | datos:{"body":{"alumno_id":"5","herramienta_id":"4","cantidad":"757","profesor":"Carlos Pablo","fecha_prestamo":"Fri Nov 07 2025 14:56:28 GMT-0300 (hora estándar de Argentina)","fecha_devolucion":"","estado":"Pendiente"}}
2025-11-07T18:56:53.464Z | userId:anon | user:anon | ruta:/prestamos/4/editar | accion:POST /prestamos/4/editar | ip:::1 | datos:{"body":{"alumno_id":"5","herramienta_id":"4","cantidad":"757","profesor":"Carlos Pablo","fecha_prestamo":"Fri Nov 07 2025 14:56:28 GMT-0300 (hora estándar de Argentina)","fecha_devolucion":"","estado":"Pendiente"}}
2025-11-07T18:57:29.327Z | userId:anon | user:anon | ruta:/users/login | accion:POST /users/login | ip:::1 | datos:{"body":{"email":"c@gmail.com","password":"12345678"}}
2025-11-07T18:57:29.387Z | userId:10 | user:dsadsad | ruta:/users/login | accion:Iniciar sesión | ip:::1 | datos:{"userId":10,"email":"c@gmail.com"}
2025-11-07T18:57:53.388Z | userId:10 | user:dsadsad | ruta:/prestamos/4/editar | accion:POST /prestamos/4/editar | ip:::1 | datos:{"body":{"alumno_id":"5","herramienta_id":"4","cantidad":"757","profesor":"Carlos Pablo","fecha_prestamo":"Fri Nov 07 2025 14:56:28 GMT-0300 (hora estándar de Argentina)","fecha_devolucion":"","estado":"Pendiente"}}
2025-11-07T18:58:06.396Z | userId:anon | user:anon | ruta:/prestamos/4/editar | accion:POST /prestamos/4/editar | ip:::1 | datos:{"body":{"alumno_id":"5","herramienta_id":"4","cantidad":"757","profesor":"Carlos Pablo","fecha_prestamo":"Fri Nov 07 2025 14:56:28 GMT-0300 (hora estándar de Argentina)","fecha_devolucion":"","estado":"Pendiente"}}
2025-11-07T19:00:56.949Z | userId:anon | user:anon | ruta:/users/login | accion:POST /users/login | ip:::1 | datos:{"body":{"email":"c@gmail.com","password":"12345678"}}
2025-11-07T19:00:57.010Z | userId:10 | user:dsadsad | ruta:/users/login | accion:Iniciar sesión | ip:::1 | datos:{"userId":10,"email":"c@gmail.com"}
2025-11-07T19:01:04.076Z | userId:10 | user:dsadsad | ruta:/prestamos/4/editar | accion:POST /prestamos/4/editar | ip:::1 | datos:{"body":{"alumno_id":"5","herramienta_id":"4","cantidad":"21","profesor":"Carlos Pablo","fecha_prestamo":"Fri Nov 07 2025 14:56:28 GMT-0300 (hora estándar de Argentina)","fecha_devolucion":"","estado":"Pendiente"}}
2025-11-07T19:01:30.934Z | userId:anon | user:anon | ruta:/users/login | accion:POST /users/login | ip:::1 | datos:{"body":{"email":"c@gmail.com","password":"12345678"}}
2025-11-07T19:01:30.994Z | userId:10 | user:dsadsad | ruta:/users/login | accion:Iniciar sesión | ip:::1 | datos:{"userId":10,"email":"c@gmail.com"}
2025-11-07T19:02:15.795Z | userId:10 | user:dsadsad | ruta:/prestamos/4/editar | accion:POST /prestamos/4/editar | ip:::1 | datos:{"body":{"alumno_id":"5","herramienta_id":"4","cantidad":"3","profesor":"Carlos Pablo","fecha_prestamo":"Fri Nov 07 2025 14:56:28 GMT-0300 (hora estándar de Argentina)","fecha_devolucion":"","estado":"Pendiente"}}
2025-11-07T19:02:20.995Z | userId:10 | user:dsadsad | ruta:/prestamos/4/editar | accion:POST /prestamos/4/editar | ip:::1 | datos:{"body":{"alumno_id":"5","herramienta_id":"4","cantidad":"34","profesor":"Carlos Pablo","fecha_prestamo":"Fri Nov 07 2025 14:56:28 GMT-0300 (hora estándar de Argentina)","fecha_devolucion":"","estado":"Pendiente"}}
2025-11-07T19:03:26.556Z | userId:anon | user:anon | ruta:/users/login | accion:POST /users/login | ip:::1 | datos:{"body":{"email":"c@gmail.com","password":"12345678"}}
2025-11-07T19:03:26.612Z | userId:10 | user:dsadsad | ruta:/users/login | accion:Iniciar sesión | ip:::1 | datos:{"userId":10,"email":"c@gmail.com"}
2025-11-08T15:14:30.024Z | userId:anon | user:anon | ruta:/users/login | accion:POST /users/login | ip:::1 | datos:{"body":{"email":"c@gmail.com","password":"12345678"}}
2025-11-08T15:14:30.084Z | userId:10 | user:dsadsad | ruta:/users/login | accion:Iniciar sesión | ip:::1 | datos:{"userId":10,"email":"c@gmail.com"}
2025-11-08T15:14:53.987Z | userId:10 | user:dsadsad | ruta:/prestamos/4/editar | accion:POST /prestamos/4/editar | ip:::1 | datos:{"body":{"alumno_id":"5","herramienta_id":"4","cantidad":"2","profesor":"Carlos Pablo","fecha_prestamo":"Fri Nov 07 2025 14:56:28 GMT-0300 (hora estándar de Argentina)","fecha_devolucion":"","estado":"Pendiente"}}
2025-11-08T15:15:02.813Z | userId:10 | user:dsadsad | ruta:/prestamos/4/editar | accion:POST /prestamos/4/editar | ip:::1 | datos:{"body":{"alumno_id":"5","herramienta_id":"4","cantidad":"2","profesor":"Carlos Pablo","fecha_prestamo":"Fri Nov 07 2025 14:56:28 GMT-0300 (hora estándar de Argentina)","fecha_devolucion":"","estado":"Pendiente"}}
2025-11-08T15:20:31.863Z | userId:anon | user:anon | ruta:/prestamos/4/editar | accion:POST /prestamos/4/editar | ip:::1 | datos:{"body":{"alumno_id":"5","herramienta_id":"4","cantidad":"2","profesor":"Carlos Pablo","fecha_prestamo":"Fri Nov 07 2025 14:56:28 GMT-0300 (hora estándar de Argentina)","fecha_devolucion":"","estado":"Pendiente"}}
2025-11-08T15:21:21.032Z | userId:anon | user:anon | ruta:/prestamos/4/editar | accion:POST /prestamos/4/editar | ip:::1 | datos:{"body":{"alumno_id":"5","herramienta_id":"4","cantidad":"2","profesor":"Carlos Pablo","fecha_prestamo":"Fri Nov 07 2025 14:56:28 GMT-0300 (hora estándar de Argentina)","fecha_devolucion":"","estado":"Pendiente"}}
2025-11-08T15:21:26.423Z | userId:anon | user:anon | ruta:/users/login | accion:POST /users/login | ip:::ffff:127.0.0.1 | datos:{"body":{"email":"c@gmail.com","password":"12345678"}}
2025-11-08T15:21:26.480Z | userId:10 | user:dsadsad | ruta:/users/login | accion:Iniciar sesión | ip:::ffff:127.0.0.1 | datos:{"userId":10,"email":"c@gmail.com"}
2025-11-08T15:21:26.506Z | userId:10 | user:dsadsad | ruta:/users/login | accion:POST /users/login | ip:::1 | datos:{"body":{"email":"c@gmail.com","password":"12345678"}}
2025-11-08T15:26:03.253Z | userId:anon | user:anon | ruta:/users/login | accion:POST /users/login | ip:::1 | datos:{"body":{"email":"c@gmail.com","password":"12345678"}}
2025-11-08T15:26:03.314Z | userId:10 | user:dsadsad | ruta:/users/login | accion:Iniciar sesión | ip:::1 | datos:{"userId":10,"email":"c@gmail.com"}
2025-11-08T15:33:46.749Z | userId:anon | user:anon | ruta:/users/login | accion:POST /users/login | ip:::1 | datos:{"body":{"email":"c@gmail.com","password":"12345678"}}
2025-11-08T15:33:46.809Z | userId:10 | user:dsadsad | ruta:/users/login | accion:Iniciar sesión | ip:::1 | datos:{"userId":10,"email":"c@gmail.com"}
2025-11-08T15:34:01.975Z | userId:10 | user:dsadsad | ruta:/prestamos/add | accion:POST /prestamos/add | ip:::1 | datos:{"body":{"estudiante":"2","herramienta":"4","profesor":"saddsad","cantidad":"87","observaciones":"hhghjhjkhjkkhj","fecha_devolucion":"9/4/2007 5:43"}}
2025-11-08T15:35:08.082Z | userId:anon | user:anon | ruta:/users/login | accion:POST /users/login | ip:::1 | datos:{"body":{"email":"c@gmail.com","password":"12345678"}}
2025-11-08T15:35:08.141Z | userId:10 | user:dsadsad | ruta:/users/login | accion:Iniciar sesión | ip:::1 | datos:{"userId":10,"email":"c@gmail.com"}
2025-11-08T15:36:11.938Z | userId:anon | user:anon | ruta:/prestamos/4/editar | accion:POST /prestamos/4/editar | ip:::1 | datos:{"body":{"alumno_id":"5","herramienta_id":"4","cantidad":"87","profesor":"Carlos Pablo","fecha_prestamo":"Fri Nov 07 2025 14:56:28 GMT-0300 (hora estándar de Argentina)","fecha_devolucion":"","estado":"Pendiente"}}
2025-11-08T15:36:22.947Z | userId:anon | user:anon | ruta:/prestamos/4/editar | accion:POST /prestamos/4/editar | ip:::1 | datos:{"body":{"alumno_id":"5","herramienta_id":"4","cantidad":"9","profesor":"Carlos Pablo","fecha_prestamo":"Fri Nov 07 2025 14:56:28 GMT-0300 (hora estándar de Argentina)","fecha_devolucion":"","estado":"Pendiente"}}
2025-11-08T15:36:27.827Z | userId:anon | user:anon | ruta:/prestamos/4/editar | accion:POST /prestamos/4/editar | ip:::1 | datos:{"body":{"alumno_id":"5","herramienta_id":"4","cantidad":"2","profesor":"Carlos Pablo","fecha_prestamo":"Fri Nov 07 2025 14:56:28 GMT-0300 (hora estándar de Argentina)","fecha_devolucion":"","estado":"Pendiente"}}
2025-11-08T15:36:34.095Z | userId:anon | user:anon | ruta:/users/login | accion:POST /users/login | ip:::1 | datos:{"body":{"email":"c@gmail.com","password":"12345678"}}
2025-11-08T15:36:34.155Z | userId:10 | user:dsadsad | ruta:/users/login | accion:Iniciar sesión | ip:::1 | datos:{"userId":10,"email":"c@gmail.com"}
2025-11-08T15:37:39.297Z | userId:10 | user:dsadsad | ruta:/prestamos/add | accion:POST /prestamos/add | ip:::1 | datos:{"body":{"estudiante":"2","herramienta":"2","profesor":"sdasdasd","cantidad":"89","observaciones":"hhghjhjkhjkkhj","fecha_devolucion":"9/4/2007 23:59"}}
2025-11-08T15:37:43.865Z | userId:10 | user:dsadsad | ruta:/prestamos/add | accion:POST /prestamos/add | ip:::1 | datos:{"body":{"estudiante":"2","herramienta":"2","profesor":"sdasdasd","cantidad":"3","observaciones":"hhghjhjkhjkkhj","fecha_devolucion":"9/4/2007 23:59"}}
2025-11-08T15:38:08.315Z | userId:10 | user:dsadsad | ruta:/prestamos/4/editar | accion:POST /prestamos/4/editar | ip:::1 | datos:{"body":{"alumno_id":"5","herramienta":"4","cantidad":"97","profesor":"Carlos Pablo","fecha_prestamo":"Fri Nov 07 2025 14:56:28 GMT-0300 (hora estándar de Argentina)","fecha_devolucion":"","estado":"Pendiente"}}
2025-11-08T15:38:15.148Z | userId:10 | user:dsadsad | ruta:/prestamos/4/editar | accion:POST /prestamos/4/editar | ip:::1 | datos:{"body":{"alumno_id":"5","herramienta":"4","cantidad":"97","profesor":"Carlos Pablo","fecha_prestamo":"Fri Nov 07 2025 14:56:28 GMT-0300 (hora estándar de Argentina)","fecha_devolucion":"","estado":"Pendiente"}}
2025-11-08T15:38:43.383Z | userId:10 | user:dsadsad | ruta:/prestamos/4/editar | accion:POST /prestamos/4/editar | ip:::1 | datos:{"body":{"alumno_id":"5","herramienta":"4","cantidad":"2","profesor":"Carlos Pablo","fecha_prestamo":"Fri Nov 07 2025 14:56:28 GMT-0300 (hora estándar de Argentina)","fecha_devolucion":"","estado":"Pendiente"}}
2025-11-08T15:38:59.616Z | userId:10 | user:dsadsad | ruta:/prestamos/4/editar | accion:POST /prestamos/4/editar | ip:::1 | datos:{"body":{"alumno_id":"5","herramienta":"4","cantidad":"7","profesor":"Carlos Pablo","fecha_prestamo":"Fri Nov 07 2025 14:56:28 GMT-0300 (hora estándar de Argentina)","fecha_devolucion":"","estado":"Pendiente"}}
2025-11-08T15:53:13.154Z | userId:10 | user:dsadsad | ruta:/prestamos/4/editar | accion:POST /prestamos/4/editar | ip:::1 | datos:{"body":{"alumno_id":"5","herramienta":"4","cantidad":"7","profesor":"Carlos Pablo","fecha_prestamo":"Fri Nov 07 2025 14:56:28 GMT-0300 (hora estándar de Argentina)","fecha_devolucion":"9/4/2007 5:43","estado":"Pendiente"}}
2025-11-08T16:04:27.611Z | userId:anon | user:anon | ruta:/users/login | accion:POST /users/login | ip:::1 | datos:{"body":{"email":"c@gmail.com","password":"12345678"}}
2025-11-08T16:04:27.673Z | userId:10 | user:dsadsad | ruta:/users/login | accion:Iniciar sesión | ip:::1 | datos:{"userId":10,"email":"c@gmail.com"}
2025-11-08T16:04:59.922Z | userId:10 | user:dsadsad | ruta:/prestamos/1/editar | accion:POST /prestamos/1/editar | ip:::1 | datos:{"body":{"alumno_id":"1","herramienta":"1","cantidad":"4","profesor":"Analia flores","fecha_prestamo":"Tue Oct 14 2025 13:54:07 GMT-0300 (hora estándar de Argentina)","fecha_devolucion":"","estado":"Pendiente"}}
2025-11-08T16:05:31.939Z | userId:10 | user:dsadsad | ruta:/prestamos/1/editar | accion:POST /prestamos/1/editar | ip:::1 | datos:{"body":{"alumno_id":"1","herramienta":"1","cantidad":"4","profesor":"Analia flores","fecha_prestamo":"Tue Oct 14 2025 13:54:07 GMT-0300 (hora estándar de Argentina)","fecha_devolucion":"Thu Nov 06 2025 22:10:00 GMT-0300 (hora estándar de Argentina)","estado":"Pendiente"}}
2025-11-08T16:06:21.281Z | userId:anon | user:anon | ruta:/users/login | accion:POST /users/login | ip:::1 | datos:{"body":{"email":"c@gmail.com","password":"12345678"}}
2025-11-08T16:06:21.342Z | userId:10 | user:dsadsad | ruta:/users/login | accion:Iniciar sesión | ip:::1 | datos:{"userId":10,"email":"c@gmail.com"}
2025-11-08T16:06:25.141Z | userId:10 | user:dsadsad | ruta:/prestamos/1/editar | accion:POST /prestamos/1/editar | ip:::1 | datos:{"body":{"alumno_id":"1","herramienta":"1","cantidad":"4","profesor":"Analia flores","fecha_prestamo":"Tue Oct 14 2025 13:54:07 GMT-0300 (hora estándar de Argentina)","fecha_devolucion_estimada":"Thu Nov 06 2025 22:10:00 GMT-0300 (hora estándar de Argentina)","estado":"Pendiente"}}
2025-11-08T16:06:53.259Z | userId:10 | user:dsadsad | ruta:/prestamos/1/editar | accion:POST /prestamos/1/editar | ip:::1 | datos:{"body":{"alumno_id":"1","herramienta":"1","cantidad":"4","profesor":"Analia flores","fecha_prestamo":"Tue Oct 14 2025 13:54:07 GMT-0300 (hora estándar de Argentina)","fecha_devolucion_estimada":"9/3/2004 14:23","estado":"Pendiente"}}
2025-11-08T16:12:04.250Z | userId:10 | user:dsadsad | ruta:/prestamos/1/editar | accion:POST /prestamos/1/editar | ip:::1 | datos:{"body":{"alumno_id":"1","herramienta":"1","cantidad":"4","profesor":"Analia flores","fecha_prestamo":"    14/10/2025, 01:54 p. m.  ","fecha_devolucion_estimada":"    06/11/2025, 10:10 p. m.  ","estado":"Pendiente"}}
2025-11-08T16:12:38.000Z | userId:10 | user:dsadsad | ruta:/prestamos/1/editar | accion:POST /prestamos/1/editar | ip:::1 | datos:{"body":{"alumno_id":"1","herramienta":"1","cantidad":"4","profesor":"Analia flores","fecha_prestamo":"    14/10/2025, 01:54 p. m.  ","fecha_devolucion_estimada":"    06/11/2025, 10:10 p. m.  ","estado":"Pendiente"}}
2025-11-08T16:14:19.753Z | userId:10 | user:dsadsad | ruta:/prestamos/1/editar | accion:POST /prestamos/1/editar | ip:::1 | datos:{"body":{"alumno_id":"1","herramienta":"1","cantidad":"4","profesor":"Analia flores","fecha_prestamo":"2025/8/23 15:00","fecha_devolucion_estimada":"2025/8/25  14:00","estado":"Pendiente"}}
2025-11-08T16:22:59.424Z | userId:anon | user:anon | ruta:/prestamos/1/editar | accion:POST /prestamos/1/editar | ip:::1 | datos:{"body":{"alumno_id":"1","herramienta":"1","cantidad":"4","profesor":"Analia flores","fecha_prestamo":"    23/08/2025, 03:00 p. m.  ","fecha_devolucion_estimada":"    25/08/2025, 02:00 p. m.  ","estado":"Pendiente"}}
2025-11-08T16:23:02.766Z | userId:anon | user:anon | ruta:/users/login | accion:POST /users/login | ip:::1 | datos:{"body":{"email":"c@gmail.com","password":"12345678"}}
2025-11-08T16:23:02.822Z | userId:10 | user:dsadsad | ruta:/users/login | accion:Iniciar sesión | ip:::1 | datos:{"userId":10,"email":"c@gmail.com"}
2025-11-08T16:23:23.150Z | userId:10 | user:dsadsad | ruta:/prestamos/1/editar | accion:POST /prestamos/1/editar | ip:::1 | datos:{"body":{"alumno_id":"1","herramienta":"1","cantidad":"4","profesor":"Analia flores","fecha_prestamo":"2025/8/23 15:00","fecha_devolucion_estimada":"2025/8/23 15:00","estado":"Pendiente"}}
2025-11-08T16:23:45.934Z | userId:10 | user:dsadsad | ruta:/prestamos/1/editar | accion:POST /prestamos/1/editar | ip:::1 | datos:{"body":{"alumno_id":"1","herramienta":"1","cantidad":"4","profesor":"Analia flores","fecha_prestamo":"    Invalid Date  ","fecha_devolucion_estimada":"    Invalid Date  ","estado":"Pendiente"}}
2025-11-08T16:23:51.467Z | userId:10 | user:dsadsad | ruta:/prestamos/1/editar | accion:POST /prestamos/1/editar | ip:::1 | datos:{"body":{"alumno_id":"1","herramienta":"1","cantidad":"4","profesor":"Analia flores","fecha_prestamo":"","fecha_devolucion_estimada":"","estado":"Pendiente"}}
2025-11-08T16:28:27.134Z | userId:anon | user:anon | ruta:/prestamos/1/editar | accion:POST /prestamos/1/editar | ip:::1 | datos:{"body":{"alumno_id":"1","herramienta":"1","cantidad":"4","profesor":"Analia flores","fecha_prestamo":"","fecha_devolucion_estimada":"","estado":"Pendiente"}}
2025-11-08T16:28:40.258Z | userId:anon | user:anon | ruta:/prestamos/1/editar | accion:POST /prestamos/1/editar | ip:::1 | datos:{"body":{"alumno_id":"1","herramienta":"1","cantidad":"4","profesor":"Analia flores","fecha_prestamo":"2025/8/23 15:00","fecha_devolucion_estimada":"2025/8/25  14:00","estado":"Pendiente"}}
2025-11-08T16:29:26.677Z | userId:anon | user:anon | ruta:/prestamos/1/editar | accion:POST /prestamos/1/editar | ip:::1 | datos:{"body":{"alumno_id":"1","herramienta":"1","cantidad":"4","profesor":"Analia flores","fecha_prestamo":"8/9/2025 14:00","fecha_devolucion_estimada":"12/9/2025 14:00","estado":"Pendiente"}}
2025-11-08T16:29:57.010Z | userId:anon | user:anon | ruta:/prestamos/1/editar | accion:POST /prestamos/1/editar | ip:::1 | datos:{"body":{"alumno_id":"1","herramienta":"1","cantidad":"4","profesor":"Analia flores","fecha_prestamo":"8/9/2025 14:00","fecha_devolucion_estimada":"12/9/2025 14:00","estado":"Pendiente"}}
2025-11-08T16:32:06.421Z | userId:anon | user:anon | ruta:/users/login | accion:POST /users/login | ip:::1 | datos:{"body":{"email":"c@gmail.com","password":"12345678"}}
2025-11-08T16:32:06.480Z | userId:10 | user:dsadsad | ruta:/users/login | accion:Iniciar sesión | ip:::1 | datos:{"userId":10,"email":"c@gmail.com"}
2025-11-08T16:32:11.864Z | userId:10 | user:dsadsad | ruta:/prestamos/1/editar | accion:POST /prestamos/1/editar | ip:::1 | datos:{"body":{"alumno_id":"1","herramienta":"1","cantidad":"4","profesor":"Analia flores","fecha_prestamo":"","fecha_devolucion_estimada":"","estado":"Pendiente"}}
2025-11-08T16:32:54.116Z | userId:10 | user:dsadsad | ruta:/prestamos/1/editar | accion:POST /prestamos/1/editar | ip:::1 | datos:{"body":{"alumno_id":"1","herramienta":"1","cantidad":"4","profesor":"Analia flores","fecha_prestamo":"","fecha_devolucion_estimada":"","estado":"Pendiente"}}
2025-11-08T16:34:13.375Z | userId:anon | user:anon | ruta:/prestamos/1/editar | accion:POST /prestamos/1/editar | ip:::1 | datos:{"body":{"alumno_id":"1","herramienta":"1","cantidad":"4","profesor":"Analia flores","fecha_prestamo":"","fecha_devolucion_estimada":"","estado":"Pendiente"}}
2025-11-08T16:34:38.627Z | userId:anon | user:anon | ruta:/prestamos/1/editar | accion:POST /prestamos/1/editar | ip:::1 | datos:{"body":{"alumno_id":"1","herramienta":"1","cantidad":"4","profesor":"Analia flores","fecha_prestamo":"","fecha_devolucion_estimada":"","estado":"Pendiente"}}
2025-11-08T16:34:46.918Z | userId:anon | user:anon | ruta:/prestamos/1/editar | accion:POST /prestamos/1/editar | ip:::1 | datos:{"body":{"alumno_id":"1","herramienta":"1","cantidad":"4","profesor":"Analia flores","fecha_prestamo":"9/4/2007 23:34","fecha_devolucion_estimada":"12/9/2025 14:00","estado":"Pendiente"}}
2025-11-08T16:36:11.546Z | userId:anon | user:anon | ruta:/prestamos/1/editar | accion:POST /prestamos/1/editar | ip:::1 | datos:{"body":{"alumno_id":"1","herramienta":"1","cantidad":"4","profesor":"Analia flores","fecha_prestamo":"9/4/2007 23:34","fecha_devolucion_estimada":"12/9/2025 14:00","estado":"Pendiente"}}
2025-11-08T16:36:29.954Z | userId:anon | user:anon | ruta:/prestamos/1/editar | accion:POST /prestamos/1/editar | ip:::1 | datos:{"body":{"alumno_id":"1","herramienta":"1","cantidad":"4","profesor":"Analia flores","fecha_prestamo":"9/4/2025 23:34","fecha_devolucion_estimada":"12/9/2025 14:00","estado":"Pendiente"}}
2025-11-08T16:36:44.920Z | userId:anon | user:anon | ruta:/prestamos/1/editar | accion:POST /prestamos/1/editar | ip:::1 | datos:{"body":{"alumno_id":"1","herramienta":"1","cantidad":"4","profesor":"Analia flores","fecha_prestamo":"9/4/2025 23:34","fecha_devolucion_estimada":"12/4/2025 14:00","estado":"Pendiente"}}
2025-11-08T16:43:06.057Z | userId:anon | user:anon | ruta:/prestamos/1/editar | accion:POST /prestamos/1/editar | ip:::1 | datos:{"body":{"alumno_id":"1","herramienta":"1","cantidad":"4","profesor":"Analia flores","fecha_prestamo":"9/4/2025 23:34","fecha_devolucion_estimada":"12/4/2025 14:00","estado":"Pendiente"}}
2025-11-08T16:47:56.411Z | userId:anon | user:anon | ruta:/users/login | accion:POST /users/login | ip:::1 | datos:{"body":{"email":"c@gmail.com","password":"12345678"}}
2025-11-08T16:47:56.472Z | userId:10 | user:dsadsad | ruta:/users/login | accion:Iniciar sesión | ip:::1 | datos:{"userId":10,"email":"c@gmail.com"}
2025-11-08T16:48:25.222Z | userId:10 | user:dsadsad | ruta:/prestamos/1/editar | accion:POST /prestamos/1/editar | ip:::1 | datos:{"body":{"alumno_id":"1","herramienta":"1","cantidad":"4","profesor":"Analia flores","fecha_prestamo":"3/4/2025  13:20","fecha_devolucion_estimada":"3/4/2025  19:20","estado":"Pendiente"}}
2025-11-08T16:48:30.840Z | userId:10 | user:dsadsad | ruta:/prestamos/1/editar | accion:POST /prestamos/1/editar | ip:::1 | datos:{"body":{"alumno_id":"1","herramienta":"1","cantidad":"4","profesor":"Analia flores","fecha_prestamo":"3/4/2025  13:20","fecha_devolucion_estimada":"3/4/2025  19:20","estado":"Pendiente"}}
2025-11-08T16:48:59.096Z | userId:10 | user:dsadsad | ruta:/prestamos/1/editar | accion:POST /prestamos/1/editar | ip:::1 | datos:{"body":{"alumno_id":"1","herramienta":"1","cantidad":"4","profesor":"Analia flores","fecha_prestamo":"3/4/2025  13:20","fecha_devolucion_estimada":"3/4/2025  19:20","estado":"Pendiente"}}
2025-11-08T16:51:32.062Z | userId:anon | user:anon | ruta:/prestamos/1/editar | accion:POST /prestamos/1/editar | ip:::1 | datos:{"body":{"alumno_id":"1","herramienta":"1","cantidad":"4","profesor":"Analia flores","fecha_prestamo":"3/4/2025  13:20","fecha_devolucion_estimada":"3/4/2025  19:20","estado":"Pendiente"}}
2025-11-08T16:52:40.368Z | userId:anon | user:anon | ruta:/users/login | accion:POST /users/login | ip:::1 | datos:{"body":{"email":"c@gmail.com","password":"12345678"}}
2025-11-08T16:52:40.428Z | userId:10 | user:dsadsad | ruta:/users/login | accion:Iniciar sesión | ip:::1 | datos:{"userId":10,"email":"c@gmail.com"}
2025-11-08T16:53:50.097Z | userId:10 | user:dsadsad | ruta:/prestamos/1/editar | accion:POST /prestamos/1/editar | ip:::1 | datos:{"body":{"alumno_id":"1","herramienta":"1","cantidad":"4","profesor":"Analia flores","fecha_prestamo":"18/7/2025 14:23","fecha_devolucion_estimada":"18/7/2025 14:23","estado":"Pendiente"}}
2025-11-08T16:54:17.515Z | userId:10 | user:dsadsad | ruta:/prestamos/1/editar | accion:POST /prestamos/1/editar | ip:::1 | datos:{"body":{"alumno_id":"1","herramienta":"1","cantidad":"4","profesor":"Analia flores","fecha_prestamo":"18/7/2025 14:23","fecha_devolucion_estimada":"18/7/2025 14:24","estado":"Pendiente"}}
2025-11-08T16:54:23.514Z | userId:10 | user:dsadsad | ruta:/prestamos/1/editar | accion:POST /prestamos/1/editar | ip:::1 | datos:{"body":{"alumno_id":"1","herramienta":"1","cantidad":"4","profesor":"Analia flores","fecha_prestamo":"18/7/2025 14:23","fecha_devolucion_estimada":"19/7/2025 14:24","estado":"Pendiente"}}
2025-11-08T16:55:04.475Z | userId:anon | user:anon | ruta:/prestamos/1/editar | accion:POST /prestamos/1/editar | ip:::1 | datos:{"body":{"alumno_id":"1","herramienta":"1","cantidad":"4","profesor":"Analia flores","fecha_prestamo":"18/7/2025 14:23","fecha_devolucion_estimada":"19/7/2025 14:24","estado":"Pendiente"}}
2025-11-08T16:56:19.817Z | userId:anon | user:anon | ruta:/prestamos/1/editar | accion:POST /prestamos/1/editar | ip:::1 | datos:{"body":{"alumno_id":"1","herramienta":"1","cantidad":"4","profesor":"Analia flores","fecha_prestamo":"18/7/2025 14:23","fecha_devolucion_estimada":"19/7/2025 14:24","estado":"Pendiente"}}
2025-11-08T16:57:00.479Z | userId:anon | user:anon | ruta:/prestamos/1/editar | accion:POST /prestamos/1/editar | ip:::1 | datos:{"body":{"alumno_id":"1","herramienta":"1","cantidad":"4","profesor":"Analia flores","fecha_prestamo":"18/7/2025 14:23","fecha_devolucion_estimada":"19/7/2025 14:24","estado":"Pendiente"}}
2025-11-08T19:45:56.315Z | userId:anon | user:anon | ruta:/prestamos/1/editar | accion:POST /prestamos/1/editar | ip:::1 | datos:{"body":{"alumno_id":"1","herramienta":"1","cantidad":"4","profesor":"Analia flores","fecha_prestamo":"18/7/2025 14:23","fecha_devolucion_estimada":"19/7/2025 14:24","estado":"Pendiente"}}
2025-11-08T19:48:48.785Z | userId:anon | user:anon | ruta:/prestamos/1/editar | accion:POST /prestamos/1/editar | ip:::1 | datos:{"body":{"alumno_id":"1","herramienta":"1","cantidad":"4","profesor":"Analia flores","fecha_prestamo":"18/7/2025 14:23","fecha_devolucion_estimada":"18/7/2025 18:23","estado":"Pendiente"}}
2025-11-08T19:49:42.073Z | userId:anon | user:anon | ruta:/prestamos/1/editar | accion:POST /prestamos/1/editar | ip:::1 | datos:{"body":{"alumno_id":"1","herramienta":"1","cantidad":"4","profesor":"Analia flores","fecha_prestamo":"18/7/2025 14:23","fecha_devolucion_estimada":"18/7/2025 18:23","estado":"Pendiente"}}
2025-11-08T19:51:09.104Z | userId:anon | user:anon | ruta:/prestamos/1/editar | accion:POST /prestamos/1/editar | ip:::1 | datos:{"body":{"alumno_id":"1","herramienta":"1","cantidad":"4","profesor":"Analia flores","fecha_prestamo":"18/7/2025 14:23","fecha_devolucion_estimada":"18/7/2025 18:23","estado":"Pendiente"}}
2025-11-08T19:51:20.780Z | userId:anon | user:anon | ruta:/users/login | accion:POST /users/login | ip:::1 | datos:{"body":{"email":"c@gmail.com","password":"12345678"}}
2025-11-08T19:51:20.836Z | userId:10 | user:dsadsad | ruta:/users/login | accion:Iniciar sesión | ip:::1 | datos:{"userId":10,"email":"c@gmail.com"}
2025-11-08T19:51:33.614Z | userId:10 | user:dsadsad | ruta:/prestamos/1/editar | accion:POST /prestamos/1/editar | ip:::1 | datos:{"body":{"alumno_id":"1","herramienta":"1","cantidad":"4","profesor":"Analia flores","fecha_prestamo":"18/7/2025 14:23","fecha_devolucion_estimada":"12/9/2025 15:00","estado":"Pendiente"}}
2025-11-08T19:51:58.097Z | userId:10 | user:dsadsad | ruta:/prestamos/1/editar | accion:POST /prestamos/1/editar | ip:::1 | datos:{"body":{"alumno_id":"1","herramienta":"1","cantidad":"4","profesor":"Analia flores","fecha_prestamo":"18/7/2025 14:23","fecha_devolucion_estimada":"12/7/2025 15:00","estado":"Pendiente"}}
2025-11-08T19:52:08.382Z | userId:10 | user:dsadsad | ruta:/prestamos/1/editar | accion:POST /prestamos/1/editar | ip:::1 | datos:{"body":{"alumno_id":"1","herramienta":"1","cantidad":"4","profesor":"Analia flores","fecha_prestamo":"18/7/2025 14:23","fecha_devolucion_estimada":"23/7/2025 15:00","estado":"Pendiente"}}
2025-11-08T19:53:21.167Z | userId:10 | user:dsadsad | ruta:/prestamos/1/editar | accion:POST /prestamos/1/editar | ip:::1 | datos:{"body":{"alumno_id":"1","herramienta":"1","cantidad":"4","profesor":"Analia flores","fecha_prestamo":"18/07/2025 14:23","fecha_devolucion_estimada":"23/7/2025 15:00","estado":"Pendiente"}}
2025-11-08T19:55:46.827Z | userId:anon | user:anon | ruta:/users/login | accion:POST /users/login | ip:::1 | datos:{"body":{"email":"c@gmail.com","password":"12345678"}}
2025-11-08T19:55:46.887Z | userId:10 | user:dsadsad | ruta:/users/login | accion:Iniciar sesión | ip:::1 | datos:{"userId":10,"email":"c@gmail.com"}
2025-11-08T19:56:02.054Z | userId:10 | user:dsadsad | ruta:/prestamos/1/editar | accion:POST /prestamos/1/editar | ip:::1 | datos:{"body":{"alumno_id":"1","herramienta":"1","cantidad":"4","profesor":"Analia flores","fecha_prestamo":"18/7/2025 14:23","fecha_devolucion_estimada":"18/7/2025 17:23","estado":"Pendiente"}}
2025-11-08T19:56:16.687Z | userId:10 | user:dsadsad | ruta:/prestamos/1/editar | accion:POST /prestamos/1/editar | ip:::1 | datos:{"body":{"alumno_id":"1","herramienta":"1","cantidad":"4","profesor":"Analia flores","fecha_prestamo":"\"18/07/2025 14:23\"","fecha_devolucion_estimada":"\"18/07/2025 14:23\"","estado":"Pendiente"}}
2025-11-08T19:56:33.188Z | userId:10 | user:dsadsad | ruta:/prestamos/1/editar | accion:POST /prestamos/1/editar | ip:::1 | datos:{"body":{"alumno_id":"1","herramienta":"1","cantidad":"4","profesor":"Analia flores","fecha_prestamo":"\"18/07/2025 14:23\"","fecha_devolucion_estimada":"18/07/2025 14:23","estado":"Pendiente"}}
2025-11-08T19:56:38.455Z | userId:10 | user:dsadsad | ruta:/prestamos/1/editar | accion:POST /prestamos/1/editar | ip:::1 | datos:{"body":{"alumno_id":"1","herramienta":"1","cantidad":"4","profesor":"Analia flores","fecha_prestamo":"18/07/2025 14:23","fecha_devolucion_estimada":"18/07/2025 14:23","estado":"Pendiente"}}
2025-11-08T19:57:12.406Z | userId:10 | user:dsadsad | ruta:/prestamos/1/editar | accion:POST /prestamos/1/editar | ip:::1 | datos:{"body":{"alumno_id":"1","herramienta":"1","cantidad":"4","profesor":"Analia flores","fecha_prestamo":"18/07/2025 ","fecha_devolucion_estimada":"18/07/2025 ","estado":"Pendiente"}}
2025-11-08T19:59:53.086Z | userId:anon | user:anon | ruta:/prestamos/1/editar | accion:POST /prestamos/1/editar | ip:::1 | datos:{"body":{"alumno_id":"1","herramienta":"1","cantidad":"4","profesor":"Analia flores","fecha_prestamo":"18/07/2025 14:23","fecha_devolucion_estimada":"18/07/2025 15:23","estado":"Pendiente"}}
2025-11-08T20:00:32.368Z | userId:anon | user:anon | ruta:/prestamos/1/editar | accion:POST /prestamos/1/editar | ip:::1 | datos:{"body":{"alumno_id":"1","herramienta":"1","cantidad":"4","profesor":"Analia flores","fecha_prestamo":"18/07/2025 14:23","fecha_devolucion_estimada":"18/07/2025 15:23","estado":"Pendiente"}}
2025-11-08T20:01:12.275Z | userId:anon | user:anon | ruta:/prestamos/1/editar | accion:POST /prestamos/1/editar | ip:::1 | datos:{"body":{"alumno_id":"1","herramienta":"1","cantidad":"4","profesor":"Analia flores","fecha_prestamo":"18/7/2025 14:23","fecha_devolucion_estimada":"18/7/2025 18:23","estado":"Pendiente"}}
2025-11-08T20:03:57.506Z | userId:anon | user:anon | ruta:/users/login | accion:POST /users/login | ip:::1 | datos:{"body":{"email":"c@gmail.com","password":"12345678"}}
2025-11-08T20:03:57.583Z | userId:10 | user:dsadsad | ruta:/users/login | accion:Iniciar sesión | ip:::1 | datos:{"userId":10,"email":"c@gmail.com"}
2025-11-08T20:04:34.617Z | userId:10 | user:dsadsad | ruta:/prestamos/1/editar | accion:POST /prestamos/1/editar | ip:::1 | datos:{"body":{"alumno_id":"1","herramienta":"1","cantidad":"4","profesor":"Analia flores","fecha_prestamo":"18/07/2025 14:23","fecha_devolucion_estimada":"18/07/2025 17:23","estado":"Pendiente"}}
2025-11-08T20:38:57.238Z | userId:anon | user:anon | ruta:/users/login | accion:POST /users/login | ip:::1 | datos:{"body":{"email":"c@gmail.com","password":"12345678"}}
2025-11-08T20:38:57.299Z | userId:10 | user:dsadsad | ruta:/users/login | accion:Iniciar sesión | ip:::1 | datos:{"userId":10,"email":"c@gmail.com"}
2025-11-08T20:39:09.550Z | userId:10 | user:dsadsad | ruta:/prestamos/1/editar | accion:POST /prestamos/1/editar | ip:::1 | datos:{"body":{"alumno_id":"1","herramienta":"1","cantidad":"4","profesor":"Analia flores","fecha_prestamo":"18/7/2025 14:23","fecha_devolucion_estimada":"12/9/2025 14:00","estado":"Pendiente"}}
2025-11-08T20:39:27.250Z | userId:10 | user:dsadsad | ruta:/prestamos/1/editar | accion:POST /prestamos/1/editar | ip:::1 | datos:{"body":{"alumno_id":"1","herramienta":"1","cantidad":"4","profesor":"Analia flores","fecha_prestamo":"    09/12/2025, 01:00 p. m.  ","fecha_devolucion_estimada":"    09/12/2025, 02:00 p. m.  ","estado":"Pendiente"}}
2025-11-08T20:39:42.417Z | userId:10 | user:dsadsad | ruta:/prestamos/1/editar | accion:POST /prestamos/1/editar | ip:::1 | datos:{"body":{"alumno_id":"1","herramienta":"1","cantidad":"4","profesor":"Analia flores","fecha_prestamo":"18/07/2025 14:23","fecha_devolucion_estimada":"19/7/2025 14:24","estado":"Pendiente"}}
2025-11-08T20:39:55.551Z | userId:10 | user:dsadsad | ruta:/prestamos/1/editar | accion:POST /prestamos/1/editar | ip:::1 | datos:{"body":{"alumno_id":"1","herramienta":"1","cantidad":"4","profesor":"Analia flores","fecha_prestamo":"18/7/2025 14:23","fecha_devolucion_estimada":"18/07/2025 14:23","estado":"Pendiente"}}
2025-11-08T20:40:02.667Z | userId:10 | user:dsadsad | ruta:/prestamos/1/editar | accion:POST /prestamos/1/editar | ip:::1 | datos:{"body":{"alumno_id":"1","herramienta":"1","cantidad":"4","profesor":"Analia flores","fecha_prestamo":"18/07/2025 ","fecha_devolucion_estimada":"18/7/2025 18:23","estado":"Pendiente"}}
2025-11-08T20:40:14.751Z | userId:10 | user:dsadsad | ruta:/prestamos/1/editar | accion:POST /prestamos/1/editar | ip:::1 | datos:{"body":{"alumno_id":"1","herramienta":"1","cantidad":"4","profesor":"Analia flores","fecha_prestamo":"18/07/2025 14:23","fecha_devolucion_estimada":"18/7/2025 18:23","estado":"Pendiente"}}
2025-11-08T20:41:12.426Z | userId:anon | user:anon | ruta:/prestamos/1/editar | accion:POST /prestamos/1/editar | ip:::1 | datos:{"body":{"alumno_id":"1","herramienta":"1","cantidad":"4","profesor":"Analia flores","fecha_prestamo":"456","fecha_devolucion_estimada":"    312Date  ","estado":"Pendiente"}}
2025-11-08T20:41:32.520Z | userId:anon | user:anon | ruta:/prestamos/1/editar | accion:POST /prestamos/1/editar | ip:::1 | datos:{"body":{"alumno_id":"1","herramienta":"1","cantidad":"4","profesor":"Analia flores","fecha_prestamo":"    01/01/2025, 12:00 a. m.  ","fecha_devolucion_estimada":"213","estado":"Pendiente"}}
2025-11-08T20:42:03.561Z | userId:anon | user:anon | ruta:/users/login | accion:POST /users/login | ip:::1 | datos:{"body":{"email":"c@gmail.com","password":"12345678"}}
2025-11-08T20:42:03.635Z | userId:10 | user:dsadsad | ruta:/users/login | accion:Iniciar sesión | ip:::1 | datos:{"userId":10,"email":"c@gmail.com"}
2025-11-08T20:42:27.464Z | userId:10 | user:dsadsad | ruta:/prestamos/1/editar | accion:POST /prestamos/1/editar | ip:::1 | datos:{"body":{"alumno_id":"1","herramienta":"1","cantidad":"4","profesor":"Analia flores","fecha_prestamo":"4/19/2025 13:00","fecha_devolucion_estimada":"4/19/2025 19:00","estado":"Pendiente"}}
2025-11-08T20:43:00.923Z | userId:10 | user:dsadsad | ruta:/prestamos/1/editar | accion:POST /prestamos/1/editar | ip:::1 | datos:{"body":{"alumno_id":"1","herramienta":"1","cantidad":"4","profesor":"Analia flores","fecha_prestamo":"18/7/2025 14:23","fecha_devolucion_estimada":"18/7/2025 18:23","estado":"Pendiente"}}
2025-11-08T20:43:23.523Z | userId:10 | user:dsadsad | ruta:/prestamos/1/editar | accion:POST /prestamos/1/editar | ip:::1 | datos:{"body":{"alumno_id":"1","herramienta":"1","cantidad":"4","profesor":"Analia flores","fecha_prestamo":"7/18/2025 14:23","fecha_devolucion_estimada":"7/18/2025 18:23","estado":"Pendiente"}}
2025-11-08T20:46:57.337Z | userId:10 | user:dsadsad | ruta:/users/2/eliminar | accion:DELETE /users/2/eliminar | ip:::1 | datos:{}
2025-11-08T20:46:57.341Z | userId:10 | user:dsadsad | ruta:/users/2/eliminar | accion:Programar eliminación de usuario | ip:::1 | datos:{"userId":2,"email":"roberto@gmail.com","fecha_eliminacion":"2025-11-10T20:46:57.341Z"}
2025-11-08T20:57:19.367Z | userId:anon | user:anon | ruta:/users/login | accion:POST /users/login | ip:::1 | datos:{"body":{"email":"c@gmail.com","password":"12345678"}}
2025-11-08T20:57:19.429Z | userId:10 | user:dsadsad | ruta:/users/login | accion:Iniciar sesión | ip:::1 | datos:{"userId":10,"email":"c@gmail.com"}
2025-11-08T20:58:38.470Z | userId:anon | user:anon | ruta:/users/login | accion:POST /users/login | ip:::1 | datos:{"body":{"email":"c@gmail.com","password":"12345678"}}
2025-11-08T20:58:38.546Z | userId:10 | user:dsadsad | ruta:/users/login | accion:Iniciar sesión | ip:::1 | datos:{"userId":10,"email":"c@gmail.com"}
2025-11-08T20:59:53.137Z | userId:anon | user:anon | ruta:/users/login | accion:POST /users/login | ip:::1 | datos:{"body":{"email":"c@gmail.com","password":"12345678"}}
2025-11-08T20:59:53.201Z | userId:10 | user:dsadsad | ruta:/users/login | accion:Iniciar sesión | ip:::1 | datos:{"userId":10,"email":"c@gmail.com"}
2025-11-08T21:07:58.267Z | userId:anon | user:anon | ruta:/users/login | accion:POST /users/login | ip:::1 | datos:{"body":{"email":"c@gmail.com","password":"12345678"}}
2025-11-08T21:07:58.326Z | userId:10 | user:dsadsad | ruta:/users/login | accion:Iniciar sesión | ip:::1 | datos:{"userId":10,"email":"c@gmail.com"}
2025-11-08T21:09:44.213Z | userId:10 | user:dsadsad | ruta:/prestamos/add | accion:POST /prestamos/add | ip:::1 | datos:{"body":{"estudiante":"2","herramienta":"4","profesor":"Carlos Pablo","cantidad":"4","observaciones":"hhghjhjkhjkkhj","fecha_devolucion":"9/4/2007 09:40"}}
2025-11-08T21:09:57.363Z | userId:10 | user:dsadsad | ruta:/prestamos/6/editar | accion:POST /prestamos/6/editar | ip:::1 | datos:{"body":{"alumno_id":"2","herramienta":"4","cantidad":"4","profesor":"Carlos Pablo","fecha_prestamo":"    08/11/2025, 06:09 p. m.  ","fecha_devolucion_estimada":"    04/09/2008, 09:40 a. m.  ","estado":"Pendiente"}}
2025-11-08T21:11:07.265Z | userId:10 | user:dsadsad | ruta:/prestamos/6/editar | accion:POST /prestamos/6/editar | ip:::1 | datos:{"body":{"alumno_id":"2","herramienta":"4","cantidad":"4","profesor":"Carlos Pablo","fecha_prestamo":"4/23/2024 15:00","fecha_devolucion_estimada":"4/23/2024 19:00","estado":"Pendiente"}}
2025-11-08T21:18:59.651Z | userId:anon | user:anon | ruta:/users/login | accion:POST /users/login | ip:::1 | datos:{"body":{"email":"c@gmail.com","password":"12345678"}}
2025-11-08T21:18:59.714Z | userId:10 | user:dsadsad | ruta:/users/login | accion:Iniciar sesión | ip:::1 | datos:{"userId":10,"email":"c@gmail.com"}
2025-11-08T21:23:09.406Z | userId:anon | user:anon | ruta:/users/login | accion:POST /users/login | ip:::1 | datos:{"body":{"email":"c@gmail.com","password":"12345678"}}
2025-11-08T21:23:09.468Z | userId:10 | user:dsadsad | ruta:/users/login | accion:Iniciar sesión | ip:::1 | datos:{"userId":10,"email":"c@gmail.com"}
2025-11-10T15:18:07.158Z | userId:anon | user:anon | ruta:/users/login | accion:POST /users/login | ip:::1 | datos:{"body":{"email":"c@gmail.com","password":"12345678"}}
2025-11-10T15:18:07.267Z | userId:10 | user:dsadsad | ruta:/users/login | accion:Iniciar sesión | ip:::1 | datos:{"userId":10,"email":"c@gmail.com"}
2025-11-10T15:25:33.797Z | userId:anon | user:anon | ruta:/users/login | accion:POST /users/login | ip:::1 | datos:{"body":{"email":"c@gmail.com","password":"12345678"}}
2025-11-10T15:25:33.861Z | userId:10 | user:dsadsad | ruta:/users/login | accion:Iniciar sesión | ip:::1 | datos:{"userId":10,"email":"c@gmail.com"}
2025-11-10T15:29:49.709Z | userId:anon | user:anon | ruta:/insumos/reportes | accion:POST /insumos/reportes | ip:::1 | datos:{"body":{}}
2025-11-10T15:29:49.747Z | userId:anon | user:anon | ruta:/insumos/reportes | accion:Generar reporte PDF de insumos | ip:::1 | datos:{"totalInsumos":2}
2025-11-10T15:29:59.034Z | userId:anon | user:anon | ruta:/users/login | accion:POST /users/login | ip:::1 | datos:{"body":{"email":"c@gmail.com","password":"12345678"}}
2025-11-10T15:29:59.092Z | userId:10 | user:dsadsad | ruta:/users/login | accion:Iniciar sesión | ip:::1 | datos:{"userId":10,"email":"c@gmail.com"}
2025-11-10T15:30:02.001Z | userId:10 | user:dsadsad | ruta:/insumos/reportes | accion:POST /insumos/reportes | ip:::1 | datos:{"body":{}}
2025-11-10T15:30:02.010Z | userId:10 | user:dsadsad | ruta:/insumos/reportes | accion:Generar reporte PDF de insumos | ip:::1 | datos:{"totalInsumos":2}
2025-11-10T15:31:25.585Z | userId:10 | user:dsadsad | ruta:/insumos/add | accion:POST /insumos/add | ip:::1 | datos:{"body":{"nombre":"Cables","descripcion":"hola buenas esta es solo una descripcion del producto, el que quiere agregue","cantidad":"61","unidad":"10cm","ubicacion":"en el sotano"}}
2025-11-10T15:31:25.593Z | userId:10 | user:dsadsad | ruta:/insumos/add | accion:Crear insumo | ip:::1 | datos:{"nombre":"Cables"}
2025-11-10T15:32:01.104Z | userId:10 | user:dsadsad | ruta:/insumos/4/edit | accion:POST /insumos/4/edit | ip:::1 | datos:{"body":{"nombre":"Cables","descripcion":"hola buenas esta es solo una descripcion del producto, el que quiere agregue","cantidad":"61","estado":"disponible"}}
2025-11-10T15:32:01.109Z | userId:10 | user:dsadsad | ruta:/insumos/4/edit | accion:Actualizar insumo | ip:::1 | datos:{"id":"4","nombre":"Cables"}
2025-11-10T15:35:20.570Z | userId:anon | user:anon | ruta:/insumos/add | accion:POST /insumos/add | ip:::1 | datos:{"body":{"nombre":"tornillos","descripcion":"dasdasd","cantidad":"100","unidad":"5gr","ubicacion":"en el sotano"}}
2025-11-10T15:35:20.595Z | userId:anon | user:anon | ruta:/insumos/add | accion:Crear insumo | ip:::1 | datos:{"nombre":"tornillos"}
2025-11-10T15:36:01.419Z | userId:anon | user:anon | ruta:/insumos/add | accion:POST /insumos/add | ip:::1 | datos:{"body":{"nombre":"tuerca","descripcion":"dasdad","cantidad":"43","unidad":"10cm","ubicacion":"en el sotano"}}
2025-11-10T15:36:01.446Z | userId:anon | user:anon | ruta:/insumos/add | accion:Crear insumo | ip:::1 | datos:{"nombre":"tuerca"}
2025-11-10T15:39:57.293Z | userId:anon | user:anon | ruta:/users/login | accion:POST /users/login | ip:::1 | datos:{"body":{"email":"c@gmail.com","password":"12345678"}}
2025-11-10T15:39:57.355Z | userId:10 | user:dsadsad | ruta:/users/login | accion:Iniciar sesión | ip:::1 | datos:{"userId":10,"email":"c@gmail.com"}
2025-11-10T15:41:34.581Z | userId:anon | user:anon | ruta:/insumos/add | accion:POST /insumos/add | ip:::1 | datos:{"body":{"nombre":"castaño","descripcion":"sdadsada","cantidad":"12","unidad":"20cm","ubicacion":"1dasfsfv"}}
2025-11-10T15:41:34.606Z | userId:anon | user:anon | ruta:/insumos/add | accion:Crear insumo | ip:::1 | datos:{"nombre":"castaño"}
2025-11-10T15:44:44.847Z | userId:anon | user:anon | ruta:/insumos/reportes | accion:POST /insumos/reportes | ip:::1 | datos:{"body":{}}
2025-11-10T15:44:44.889Z | userId:anon | user:anon | ruta:/insumos/reportes | accion:Generar reporte PDF de insumos | ip:::1 | datos:{"totalInsumos":6}
2025-11-10T15:45:49.163Z | userId:anon | user:anon | ruta:/insumos/reportes | accion:POST /insumos/reportes | ip:::1 | datos:{"body":{}}
2025-11-10T15:45:49.223Z | userId:anon | user:anon | ruta:/insumos/reportes | accion:Generar reporte PDF de insumos | ip:::1 | datos:{"totalInsumos":6}
2025-11-10T15:46:32.777Z | userId:anon | user:anon | ruta:/insumos/reportes | accion:POST /insumos/reportes | ip:::1 | datos:{"body":{}}
2025-11-10T15:46:32.825Z | userId:anon | user:anon | ruta:/insumos/reportes | accion:Generar reporte PDF de insumos | ip:::1 | datos:{"totalInsumos":6}
2025-11-10T15:47:21.561Z | userId:anon | user:anon | ruta:/insumos/reportes | accion:POST /insumos/reportes | ip:::1 | datos:{"body":{}}
2025-11-10T15:47:21.614Z | userId:anon | user:anon | ruta:/insumos/reportes | accion:Generar reporte PDF de insumos | ip:::1 | datos:{"totalInsumos":6}
2025-11-10T15:47:57.486Z | userId:anon | user:anon | ruta:/users/login | accion:POST /users/login | ip:::1 | datos:{"body":{"email":"c@gmail.com","password":"12345678"}}
2025-11-10T15:47:57.546Z | userId:10 | user:dsadsad | ruta:/users/login | accion:Iniciar sesión | ip:::1 | datos:{"userId":10,"email":"c@gmail.com"}
2025-11-10T15:48:01.303Z | userId:10 | user:dsadsad | ruta:/usosInsumos/reportePDF | accion:POST /usosInsumos/reportePDF | ip:::1 | datos:{"body":{}}
2025-11-10T15:48:01.317Z | userId:10 | user:dsadsad | ruta:/usosInsumos/reportePDF | accion:Generar reporte PDF de usos de insumos | ip:::1 | datos:{"totalUsos":4}
2025-11-10T15:49:03.031Z | userId:anon | user:anon | ruta:/usosInsumos/reportePDF | accion:POST /usosInsumos/reportePDF | ip:::1 | datos:{"body":{}}
2025-11-10T15:49:03.085Z | userId:anon | user:anon | ruta:/usosInsumos/reportePDF | accion:Generar reporte PDF de usos de insumos | ip:::1 | datos:{"totalUsos":4}
2025-11-17T02:12:16.014Z | userId:anon | user:anon | ruta:/users/login | accion:POST /users/login | ip:::1 | datos:{"body":{"email":"c@gmail.com","password":"12345678"}}
2025-11-17T02:12:16.074Z | userId:10 | user:dsadsad | ruta:/users/login | accion:Iniciar sesión | ip:::1 | datos:{"userId":10,"email":"c@gmail.com"}
2025-11-17T02:12:26.029Z | userId:10 | user:dsadsad | ruta:/users/generate-pdf-users | accion:POST /users/generate-pdf-users | ip:::1 | datos:{"body":{}}
2025-11-17T02:12:26.055Z | userId:10 | user:dsadsad | ruta:/users/generate-pdf-users | accion:Generar listado de usuarios en PDF | ip:::1 | datos:{"userId":10}
2025-11-17T02:12:31.046Z | userId:10 | user:dsadsad | ruta:/usosInsumos/reportePDF | accion:POST /usosInsumos/reportePDF | ip:::1 | datos:{"body":{}}
2025-11-17T02:12:31.059Z | userId:10 | user:dsadsad | ruta:/usosInsumos/reportePDF | accion:Generar reporte PDF de usos de insumos | ip:::1 | datos:{"totalUsos":4}
2025-11-17T02:12:34.163Z | userId:10 | user:dsadsad | ruta:/insumos/reportes | accion:POST /insumos/reportes | ip:::1 | datos:{"body":{}}
2025-11-17T02:12:34.171Z | userId:10 | user:dsadsad | ruta:/insumos/reportes | accion:Generar reporte PDF de insumos | ip:::1 | datos:{"totalInsumos":6}
2025-11-17T02:24:16.214Z | userId:anon | user:anon | ruta:/audit/reporte/pdf?q= | accion:Generar reporte PDF de audit logs | ip:::1 | datos:{"totalLogs":561}
2025-11-17T02:24:31.086Z | userId:anon | user:anon | ruta:/users/login | accion:POST /users/login | ip:::1 | datos:{"body":{"email":"c@gmail.com","password":"12345678"}}
2025-11-17T02:24:31.145Z | userId:10 | user:dsadsad | ruta:/users/login | accion:Iniciar sesión | ip:::1 | datos:{"userId":10,"email":"c@gmail.com"}
2025-11-17T02:24:33.093Z | userId:10 | user:dsadsad | ruta:/audit/reporte/pdf?q= | accion:Generar reporte PDF de audit logs | ip:::1 | datos:{"totalLogs":564}
2025-11-17T02:25:22.982Z | userId:10 | user:dsadsad | ruta:/users/generate-pdf-users | accion:POST /users/generate-pdf-users | ip:::1 | datos:{"body":{}}
2025-11-17T02:25:22.997Z | userId:10 | user:dsadsad | ruta:/users/generate-pdf-users | accion:Generar listado de usuarios en PDF | ip:::1 | datos:{"userId":10}
2025-11-17T02:32:48.614Z | userId:anon | user:anon | ruta:/users/login | accion:POST /users/login | ip:::1 | datos:{"body":{"email":"c@gmail.com","password":"12345678"}}
2025-11-17T02:32:48.674Z | userId:10 | user:dsadsad | ruta:/users/login | accion:Iniciar sesión | ip:::1 | datos:{"userId":10,"email":"c@gmail.com"}
2025-11-17T02:32:55.977Z | userId:10 | user:dsadsad | ruta:/audit/reporte/pdf?q= | accion:Generar reporte PDF de audit logs | ip:::1 | datos:{"totalLogs":569}
2025-11-17T02:35:21.103Z | userId:anon | user:anon | ruta:/audit/reporte/pdf | accion:POST /audit/reporte/pdf | ip:::1 | datos:{"body":{}}
2025-11-17T02:35:21.124Z | userId:anon | user:anon | ruta:/audit/reporte/pdf | accion:Generar reporte PDF de audit logs | ip:::1 | datos:{"totalLogs":570}
2025-11-17T02:36:10.294Z | userId:anon | user:anon | ruta:/audit/reporte/pdf | accion:POST /audit/reporte/pdf | ip:::1 | datos:{"body":{}}
2025-11-17T02:36:10.372Z | userId:anon | user:anon | ruta:/audit/reporte/pdf | accion:Generar reporte PDF de audit logs | ip:::1 | datos:{"totalLogs":572}
2025-11-17T02:39:11.724Z | userId:anon | user:anon | ruta:/audit/reporte/pdf | accion:POST /audit/reporte/pdf | ip:::1 | datos:{"body":{}}
2025-11-17T02:39:11.770Z | userId:anon | user:anon | ruta:/audit/reporte/pdf | accion:Generar reporte PDF de audit logs | ip:::1 | datos:{"totalLogs":574}
2025-11-17T02:41:05.093Z | userId:anon | user:anon | ruta:/audit/reporte/pdf | accion:POST /audit/reporte/pdf | ip:::1 | datos:{"body":{}}
2025-11-17T02:41:59.778Z | userId:anon | user:anon | ruta:/audit/reporte/pdf | accion:POST /audit/reporte/pdf | ip:::1 | datos:{"body":{}}
2025-11-17T02:55:53.826Z | userId:anon | user:anon | ruta:/audit/reporte/pdf | accion:POST /audit/reporte/pdf | ip:::1 | datos:{"body":{}}
2025-11-17T02:57:35.577Z | userId:anon | user:anon | ruta:/users/login | accion:POST /users/login | ip:::1 | datos:{"body":{"email":"c@gmail.com","password":"12345678"}}
2025-11-17T02:57:35.635Z | userId:10 | user:dsadsad | ruta:/users/login | accion:Iniciar sesión | ip:::1 | datos:{"userId":10,"email":"c@gmail.com"}
2025-11-17T02:57:39.012Z | userId:10 | user:dsadsad | ruta:/audit/reporte/pdf | accion:POST /audit/reporte/pdf | ip:::1 | datos:{"body":{}}
2025-11-17T03:00:41.456Z | userId:anon | user:anon | ruta:/audit/reporte/pdf | accion:POST /audit/reporte/pdf | ip:::1 | datos:{"body":{}}
2025-11-17T03:02:31.279Z | userId:anon | user:anon | ruta:/audit/reporte/pdf | accion:POST /audit/reporte/pdf | ip:::1 | datos:{"body":{}}
2025-11-17T03:02:34.053Z | userId:anon | user:anon | ruta:/audit/reporte/pdf | accion:POST /audit/reporte/pdf | ip:::1 | datos:{"body":{}}
2025-11-17T03:05:51.519Z | userId:anon | user:anon | ruta:/audit/reporte/pdf | accion:POST /audit/reporte/pdf | ip:::1 | datos:{"body":{}}
2025-11-17T03:05:58.524Z | userId:anon | user:anon | ruta:/audit/reporte/pdf | accion:POST /audit/reporte/pdf | ip:::1 | datos:{"body":{}}
2025-11-17T03:06:05.674Z | userId:anon | user:anon | ruta:/audit/reporte/pdf | accion:POST /audit/reporte/pdf | ip:::1 | datos:{"body":{}}
2025-11-17T03:06:39.252Z | userId:anon | user:anon | ruta:/audit/reporte/pdf | accion:POST /audit/reporte/pdf | ip:::1 | datos:{"body":{}}
2025-11-17T03:07:13.154Z | userId:anon | user:anon | ruta:/audit/reporte/pdf | accion:POST /audit/reporte/pdf | ip:::1 | datos:{"body":{}}
2025-11-17T03:07:15.676Z | userId:anon | user:anon | ruta:/audit/reporte/pdf | accion:POST /audit/reporte/pdf | ip:::1 | datos:{"body":{}}
2025-11-17T03:07:42.944Z | userId:anon | user:anon | ruta:/audit/reporte/pdf | accion:POST /audit/reporte/pdf | ip:::1 | datos:{"body":{}}
2025-11-17T03:09:40.785Z | userId:anon | user:anon | ruta:/audit/reporte/pdf | accion:POST /audit/reporte/pdf | ip:::1 | datos:{"body":{}}
2025-11-17T03:09:40.937Z | userId:anon | user:anon | ruta:/audit/reporte/pdf | accion:Generar reporte PDF de audit logs | ip:::1 | datos:{"totalLogs":592}
2025-11-17T03:10:23.305Z | userId:anon | user:anon | ruta:/audit/reporte/pdf | accion:POST /audit/reporte/pdf | ip:::1 | datos:{"body":{}}
2025-11-17T03:10:23.492Z | userId:anon | user:anon | ruta:/audit/reporte/pdf | accion:Generar reporte PDF de audit logs | ip:::1 | datos:{"totalLogs":594}
2025-11-17T03:10:38.491Z | userId:anon | user:anon | ruta:/audit/reporte/pdf | accion:POST /audit/reporte/pdf | ip:::1 | datos:{"body":{}}
2025-11-17T03:10:38.705Z | userId:anon | user:anon | ruta:/audit/reporte/pdf | accion:Generar reporte PDF de audit logs | ip:::1 | datos:{"totalLogs":596}
2025-11-17T03:11:15.346Z | userId:anon | user:anon | ruta:/audit/reporte/pdf | accion:POST /audit/reporte/pdf | ip:::1 | datos:{"body":{}}
2025-11-17T03:11:15.546Z | userId:anon | user:anon | ruta:/audit/reporte/pdf | accion:Generar reporte PDF de audit logs | ip:::1 | datos:{"totalLogs":598}
2025-11-17T03:13:23.578Z | userId:anon | user:anon | ruta:/audit/reporte/pdf | accion:POST /audit/reporte/pdf | ip:::1 | datos:{"body":{}}
2025-11-17T03:13:23.786Z | userId:anon | user:anon | ruta:/audit/reporte/pdf | accion:Generar reporte PDF de audit logs | ip:::1 | datos:{"totalLogs":600}
2025-11-17T03:14:45.879Z | userId:anon | user:anon | ruta:/audit/reporte/pdf | accion:POST /audit/reporte/pdf | ip:::1 | datos:{"body":{}}
2025-11-17T03:14:46.067Z | userId:anon | user:anon | ruta:/audit/reporte/pdf | accion:Generar reporte PDF de audit logs | ip:::1 | datos:{"totalLogs":602}
2025-11-17T03:16:30.548Z | userId:anon | user:anon | ruta:/audit/reporte/pdf | accion:POST /audit/reporte/pdf | ip:::1 | datos:{"body":{}}
2025-11-17T03:16:30.735Z | userId:anon | user:anon | ruta:/audit/reporte/pdf | accion:Generar reporte PDF de audit logs | ip:::1 | datos:{"totalLogs":604}
2025-11-17T03:20:21.736Z | userId:anon | user:anon | ruta:/audit/reporte/pdf | accion:POST /audit/reporte/pdf | ip:::1 | datos:{"body":{}}
2025-11-17T03:21:39.506Z | userId:anon | user:anon | ruta:/audit/reporte/pdf | accion:POST /audit/reporte/pdf | ip:::1 | datos:{"body":{}}
2025-11-17T03:22:10.472Z | userId:anon | user:anon | ruta:/audit/reporte/pdf | accion:POST /audit/reporte/pdf | ip:::1 | datos:{"body":{}}
2025-11-17T03:22:30.510Z | userId:anon | user:anon | ruta:/audit/reporte/pdf | accion:POST /audit/reporte/pdf | ip:::1 | datos:{"body":{}}
2025-11-17T03:23:07.608Z | userId:anon | user:anon | ruta:/audit/reporte/pdf | accion:POST /audit/reporte/pdf | ip:::1 | datos:{"body":{}}
2025-11-17T03:26:03.117Z | userId:anon | user:anon | ruta:/users/login | accion:POST /users/login | ip:::1 | datos:{"body":{"email":"c@gmail.com","password":"12345678"}}
2025-11-17T03:26:03.177Z | userId:10 | user:dsadsad | ruta:/users/login | accion:Iniciar sesión | ip:::1 | datos:{"userId":10,"email":"c@gmail.com"}
2025-11-17T03:26:07.817Z | userId:10 | user:dsadsad | ruta:/users/profile | accion:POST /users/profile | ip:::1 | datos:{"body":{}}
2025-11-17T03:26:07.817Z | userId:10 | user:dsadsad | ruta:/users/profile | accion:Cerrar sesión | ip:::1 | datos:{"userId":10,"email":"c@gmail.com"}
2025-11-17T03:26:30.018Z | userId:anon | user:anon | ruta:/users/register | accion:POST /users/register | ip:::1 | datos:{}
2025-11-17T03:26:41.667Z | userId:anon | user:anon | ruta:/users/register | accion:POST /users/register | ip:::1 | datos:{}
2025-11-17T03:26:41.731Z | userId:anon | user:anon | ruta:/users/register | accion:Registrar usuario | ip:::1 | datos:{"username":"sadgfdsgfvxcv","email":"m@gmail.com"}
2025-11-17T03:26:48.418Z | userId:anon | user:anon | ruta:/users/login | accion:POST /users/login | ip:::1 | datos:{"body":{"email":"m@gmail.com","password":"12345678"}}
2025-11-17T03:26:48.465Z | userId:11 | user:sadgfdsgfvxcv | ruta:/users/login | accion:Iniciar sesión | ip:::1 | datos:{"userId":11,"email":"m@gmail.com"}
2025-11-17T03:26:57.485Z | userId:11 | user:sadgfdsgfvxcv | ruta:/estudiantes/editar/1 | accion:POST /estudiantes/editar/1 | ip:::1 | datos:{"body":{"nombre":"Roberto Llafgfdmpa","dni":"47931986","email":"roberto@gmail.com","curso":"4to 3ra","telefono":"3884177043"}}
2025-11-17T03:26:57.489Z | userId:11 | user:sadgfdsgfvxcv | ruta:/estudiantes/editar/1 | accion:Actualizar alumno | ip:::1 | datos:{"id":"1","nombre":"Roberto Llafgfdmpa","dni":"47931986","telefono":"3884177043"}
2025-11-17T03:27:09.619Z | userId:11 | user:sadgfdsgfvxcv | ruta:/estudiantes/add | accion:POST /estudiantes/add | ip:::1 | datos:{"body":{"nombre":"paula nahir llampa","dni":"23453254332","email":"c@gmail.com","curso":"6to 2ra","telefono":"2147483647"}}
2025-11-17T03:27:13.069Z | userId:11 | user:sadgfdsgfvxcv | ruta:/estudiantes/add | accion:POST /estudiantes/add | ip:::1 | datos:{"body":{"nombre":"paula nahir llampa","dni":"23453232","email":"c@gmail.com","curso":"6to 2ra","telefono":"2147483647"}}
2025-11-17T03:27:13.074Z | userId:11 | user:sadgfdsgfvxcv | ruta:/estudiantes/add | accion:Crear alumno | ip:::1 | datos:{"nombre":"paula nahir llampa","dni":"23453232"}
2025-11-17T03:27:34.286Z | userId:11 | user:sadgfdsgfvxcv | ruta:/herramientas/1/editar | accion:POST /herramientas/1/editar | ip:::1 | datos:{"body":{"nombre":"Martillo","categoria":"Manuales","cantidad":"47","estado":"Disponible","descripcion":"sadsadasdasdas"}}
2025-11-17T03:27:34.292Z | userId:11 | user:sadgfdsgfvxcv | ruta:/herramientas/1/editar | accion:Actualizar herramienta | ip:::1 | datos:{"id":"1","nombre":"Martillo","categoria":"Manuales"}
2025-11-17T03:27:37.653Z | userId:11 | user:sadgfdsgfvxcv | ruta:/herramientas/reportePDF | accion:POST /herramientas/reportePDF | ip:::1 | datos:{"body":{}}
2025-11-17T03:27:37.668Z | userId:11 | user:sadgfdsgfvxcv | ruta:/herramientas/reportePDF | accion:Generar reporte PDF de herramientas | ip:::1 | datos:{"totalHerramientas":5}
2025-11-17T03:27:52.486Z | userId:11 | user:sadgfdsgfvxcv | ruta:/herramientas/add | accion:POST /herramientas/add | ip:::1 | datos:{"body":{"nombre":"dasdsadgdsg","descripcion":"dfsdfdsfs","categoria":"Mediciónes","cantidad":"423","estado":"Disponible"}}
2025-11-17T03:27:52.491Z | userId:11 | user:sadgfdsgfvxcv | ruta:/herramientas/add | accion:Crear herramienta | ip:::1 | datos:{"nombre":"dasdsadgdsg","categoria":"Mediciónes"}
2025-11-17T03:33:35.302Z | userId:anon | user:anon | ruta:/users/login | accion:POST /users/login | ip:::1 | datos:{"body":{"email":"c@gmail.com","password":"12345678"}}
2025-11-17T03:33:35.363Z | userId:10 | user:dsadsad | ruta:/users/login | accion:Iniciar sesión | ip:::1 | datos:{"userId":10,"email":"c@gmail.com"}
2025-11-17T03:36:25.038Z | userId:anon | user:anon | ruta:/users/login | accion:POST /users/login | ip:::1 | datos:{"body":{"email":"c@gmail.com","password":"12345678"}}
2025-11-17T03:36:25.096Z | userId:10 | user:dsadsad | ruta:/users/login | accion:Iniciar sesión | ip:::1 | datos:{"userId":10,"email":"c@gmail.com"}
2025-11-17T03:38:03.540Z | userId:anon | user:anon | ruta:/users/login | accion:POST /users/login | ip:::1 | datos:{"body":{"email":"c@gmail.com","password":"12345678"}}
2025-11-17T03:38:03.600Z | userId:10 | user:dsadsad | ruta:/users/login | accion:Iniciar sesión | ip:::1 | datos:{"userId":10,"email":"c@gmail.com"}
2025-11-18T20:40:08.187Z | userId:anon | user:anon | ruta:/users/login | accion:POST /users/login | ip:::1 | datos:{"body":{"email":"c@gmail.com","password":"12345678"}}
2025-11-18T20:40:08.249Z | userId:10 | user:dsadsad | ruta:/users/login | accion:Iniciar sesión | ip:::1 | datos:{"userId":10,"email":"c@gmail.com"}
2025-11-18T20:41:34.748Z | userId:10 | user:dsadsad | ruta:/prestamos/add | accion:POST /prestamos/add | ip:::1 | datos:{"body":{"estudiante":"1","herramienta":"1","profesor":"Carlos Pablo","cantidad":"4","observaciones":"hola el quien lo retira es ella, son 8 equipos","fecha_devolucion":"11/18/2025 10:11"}}
2025-11-18T20:42:05.921Z | userId:10 | user:dsadsad | ruta:/prestamos/7/editar | accion:POST /prestamos/7/editar | ip:::1 | datos:{"body":{"alumno_id":"1","herramienta":"1","cantidad":"4","profesor":"Carlos Pablo","fecha_prestamo":"    18/11/2025, 05:41 p. m.  ","fecha_devolucion_estimada":"    19/11/2025, 10:11 a. m.  ","estado":"Pendiente"}}
2025-11-18T20:43:50.869Z | userId:10 | user:dsadsad | ruta:/prestamos/7/editar | accion:POST /prestamos/7/editar | ip:::1 | datos:{"body":{"alumno_id":"1","herramienta":"1","cantidad":"4","profesor":"Carlos Pablo","fecha_prestamo":"11/18/2025 11:12","fecha_devolucion_estimada":"21/12/2025 14:22","estado":"Pendiente"}}
2025-11-18T20:44:21.268Z | userId:10 | user:dsadsad | ruta:/prestamos/7/editar | accion:POST /prestamos/7/editar | ip:::1 | datos:{"body":{"alumno_id":"1","herramienta":"1","cantidad":"4","profesor":"Carlos Pablo","fecha_prestamo":"    18/11/2025, 11:12 a. m.  ","fecha_devolucion_estimada":"    18/11/2025, 11:50 a. m.  ","estado":"Pendiente"}}
2025-11-18T20:45:06.607Z | userId:10 | user:dsadsad | ruta:/prestamos/7/editar | accion:POST /prestamos/7/editar | ip:::1 | datos:{"body":{"alumno_id":"1","herramienta":"1","cantidad":"4","profesor":"Carlos Pablo","fecha_prestamo":"11/18/2025 11:12","fecha_devolucion_estimada":"11/18/2025 11:50","estado":"Pendiente"}}
2025-11-18T20:45:20.931Z | userId:10 | user:dsadsad | ruta:/prestamos/7/editar | accion:POST /prestamos/7/editar | ip:::1 | datos:{"body":{"alumno_id":"1","herramienta":"1","cantidad":"4","profesor":"Carlos Pablo","fecha_prestamo":"    18/11/2025, 11:12 a. m.  ","fecha_devolucion_estimada":"    18/11/2025, 11:50 a. m.  ","estado":"Pendiente"}}
2025-11-18T20:46:08.692Z | userId:10 | user:dsadsad | ruta:/prestamos/7/editar | accion:POST /prestamos/7/editar | ip:::1 | datos:{"body":{"alumno_id":"1","herramienta":"1","cantidad":"4","profesor":"Carlos Pablo","fecha_prestamo":"11/18/2025 11:12","fecha_devolucion_estimada":"18/7/2025 14:23","estado":"Pendiente"}}
2025-11-18T20:46:42.794Z | userId:10 | user:dsadsad | ruta:/prestamos/7/editar | accion:POST /prestamos/7/editar | ip:::1 | datos:{"body":{"alumno_id":"1","herramienta":"1","cantidad":"4","profesor":"Carlos Pablo","fecha_prestamo":"    11/18/2025, 11:12 a. m.  ","fecha_devolucion_estimada":"11/18/2025 14:23","estado":"Pendiente"}}
2025-11-18T20:49:58.999Z | userId:10 | user:dsadsad | ruta:/prestamos/7/editar | accion:POST /prestamos/7/editar | ip:::1 | datos:{"body":{"alumno_id":"1","herramienta":"1","cantidad":"4","profesor":"Carlos Pablo","fecha_prestamo":"11/18/2025 11:12","fecha_devolucion_estimada":"11/18/2025 16:12","estado":"Pendiente"}}
2025-11-18T20:54:14.710Z | userId:10 | user:dsadsad | ruta:/prestamos/7/editar | accion:POST /prestamos/7/editar | ip:::1 | datos:{"body":{"alumno_id":"1","herramienta":"1","cantidad":"4","profesor":"Carlos Pablo","fecha_prestamo":"    Tue Nov 18 2025 11:12:00 GMT-0300 (hora estándar de Argentina)","fecha_devolucion_estimada":"    Tue Nov 18 2025 16:12:00 GMT-0300 (hora estándar de Argentina)","estado":"Pendiente"}}
2025-11-18T20:55:07.629Z | userId:10 | user:dsadsad | ruta:/prestamos/7/editar | accion:POST /prestamos/7/editar | ip:::1 | datos:{"body":{"alumno_id":"1","herramienta":"1","cantidad":"4","profesor":"Carlos Pablo","fecha_prestamo":"18/11/2025 11:10","fecha_devolucion_estimada":"18/11/2025 11:40","estado":"Pendiente"}}
2025-11-18T20:55:32.690Z | userId:10 | user:dsadsad | ruta:/prestamos/7/editar | accion:POST /prestamos/7/editar | ip:::1 | datos:{"body":{"alumno_id":"1","herramienta":"1","cantidad":"4","profesor":"Carlos Pablo","fecha_prestamo":"11/18/2025 11:12","fecha_devolucion_estimada":"11/18/2025 11:40","estado":"Pendiente"}}
2025-11-18T20:56:34.412Z | userId:10 | user:dsadsad | ruta:/5/devolver | accion:POST /5/devolver | ip:::1 | datos:{"body":{"id":"5"}}
2025-11-18T20:59:24.035Z | userId:10 | user:dsadsad | ruta:/7/devolver | accion:POST /7/devolver | ip:::1 | datos:{"body":{"id":"7"}}
2025-11-18T20:59:25.089Z | userId:10 | user:dsadsad | ruta:/6/devolver | accion:POST /6/devolver | ip:::1 | datos:{"body":{"id":"6"}}
2025-11-18T20:59:25.799Z | userId:10 | user:dsadsad | ruta:/4/devolver | accion:POST /4/devolver | ip:::1 | datos:{"body":{"id":"4"}}
2025-11-18T20:59:26.868Z | userId:10 | user:dsadsad | ruta:/1/devolver | accion:POST /1/devolver | ip:::1 | datos:{"body":{"id":"1"}}
2025-11-18T21:18:36.619Z | userId:10 | user:dsadsad | ruta:/prestamos/add | accion:POST /prestamos/add | ip:::1 | datos:{"body":{"estudiante":"1","herramienta":"2","profesor":"Carlos Pablo","cantidad":"4","observaciones":"sadsadasd","fecha_devolucion":"9/4/2007 5:43"}}
2025-11-18T21:18:46.693Z | userId:10 | user:dsadsad | ruta:/prestamos/8/editar | accion:POST /prestamos/8/editar | ip:::1 | datos:{"body":{"alumno_id":"1","herramienta":"2","cantidad":"4","profesor":"Carlos Pablo","fecha_prestamo":"    Tue Nov 18 2025 18:18:36 GMT-0300 (hora estándar de Argentina)","fecha_devolucion_estimada":"    Tue Sep 04 2007 05:43:00 GMT-0300 (hora estándar de Argentina)","estado":"Pendiente"}}
2025-11-18T21:19:22.080Z | userId:10 | user:dsadsad | ruta:/prestamos/8/editar | accion:POST /prestamos/8/editar | ip:::1 | datos:{"body":{"alumno_id":"1","herramienta":"2","cantidad":"4","profesor":"Carlos Pablo","fecha_prestamo":"    Tue Nov 18 2025 18:18:36 GMT-0300 (hora estándar de Argentina)","fecha_devolucion_estimada":"    Tue Sep 04 2007 05:43:00 GMT-0300 (hora estándar de Argentina)","estado":"Pendiente"}}
2025-11-18T21:24:58.665Z | userId:anon | user:anon | ruta:/users/login | accion:POST /users/login | ip:::1 | datos:{"body":{"email":"c@gmail.com","password":"12345678"}}
2025-11-18T21:24:58.734Z | userId:10 | user:dsadsad | ruta:/users/login | accion:Iniciar sesión | ip:::1 | datos:{"userId":10,"email":"c@gmail.com"}
2025-11-18T21:25:37.238Z | userId:10 | user:dsadsad | ruta:/prestamos/8/editar | accion:POST /prestamos/8/editar | ip:::1 | datos:{"body":{"alumno_id":"1","herramienta":"2","cantidad":"4","profesor":"Carlos Pablo","fecha_prestamo":"    Tue Nov 18 2025 18:18:36 GMT-0300 (hora estándar de Argentina)","fecha_devolucion_estimada":"    Tue Sep 04 2007 05:43:00 GMT-0300 (hora estándar de Argentina)","estado":"Pendiente"}}
2025-11-18T21:32:15.618Z | userId:anon | user:anon | ruta:/prestamos/8/editar | accion:POST /prestamos/8/editar | ip:::1 | datos:{"body":{"alumno_id":"1","herramienta":"2","cantidad":"4","profesor":"Carlos Pablo","fecha_prestamo":"    Tue Nov 18 2025 18:18:36 GMT-0300 (hora estándar de Argentina)","fecha_devolucion_estimada":"    Tue Sep 04 2007 05:43:00 GMT-0300 (hora estándar de Argentina)","estado":"Pendiente"}}
2025-11-18T21:32:19.772Z | userId:anon | user:anon | ruta:/users/login | accion:POST /users/login | ip:::1 | datos:{"body":{"email":"c@gmail.com","password":"12345678"}}
2025-11-18T21:32:19.827Z | userId:10 | user:dsadsad | ruta:/users/login | accion:Iniciar sesión | ip:::1 | datos:{"userId":10,"email":"c@gmail.com"}
2025-11-18T21:32:29.909Z | userId:10 | user:dsadsad | ruta:/prestamos/8/editar | accion:POST /prestamos/8/editar | ip:::1 | datos:{"body":{"alumno_id":"1","herramienta":"2","cantidad":"6","profesor":"Carlos Pablo","fecha_prestamo":"    Tue Nov 18 2025 18:18:36 GMT-0300 (hora estándar de Argentina)","fecha_devolucion_estimada":"    Tue Sep 04 2007 05:43:00 GMT-0300 (hora estándar de Argentina)","estado":"Pendiente"}}
2025-11-18T21:33:51.231Z | userId:10 | user:dsadsad | ruta:/prestamos/8/editar | accion:POST /prestamos/8/editar | ip:::1 | datos:{"body":{"alumno_id":"1","herramienta":"2","cantidad":"9","profesor":"Carlos Pablo","fecha_prestamo":"    Tue Nov 18 2025 18:18:36 GMT-0300 (hora estándar de Argentina)","fecha_devolucion_estimada":"    Tue Sep 04 2007 05:43:00 GMT-0300 (hora estándar de Argentina)","estado":"Pendiente"}}
2025-11-18T21:34:03.441Z | userId:10 | user:dsadsad | ruta:/prestamos/8/editar | accion:POST /prestamos/8/editar | ip:::1 | datos:{"body":{"alumno_id":"1","herramienta":"2","cantidad":"5","profesor":"Carlos Pablo","fecha_prestamo":"    Tue Nov 18 2025 18:18:36 GMT-0300 (hora estándar de Argentina)","fecha_devolucion_estimada":"    Tue Sep 04 2007 05:43:00 GMT-0300 (hora estándar de Argentina)","estado":"Pendiente"}}
2025-11-18T21:38:25.227Z | userId:anon | user:anon | ruta:/users/login | accion:POST /users/login | ip:::1 | datos:{"body":{"email":"c@gmail.com","password":"12345678"}}
2025-11-18T21:38:25.289Z | userId:10 | user:dsadsad | ruta:/users/login | accion:Iniciar sesión | ip:::1 | datos:{"userId":10,"email":"c@gmail.com"}
2025-11-18T21:38:34.930Z | userId:10 | user:dsadsad | ruta:/prestamos/8/editar | accion:POST /prestamos/8/editar | ip:::1 | datos:{"body":{"alumno_id":"1","herramienta":"2","cantidad":"98","profesor":"Carlos Pablo","fecha_prestamo":"    Tue Nov 18 2025 18:18:36 GMT-0300 (hora estándar de Argentina)","fecha_devolucion_estimada":"    Tue Sep 04 2007 05:43:00 GMT-0300 (hora estándar de Argentina)","estado":"Pendiente"}}
2025-11-18T21:39:28.976Z | userId:anon | user:anon | ruta:/users/login | accion:POST /users/login | ip:::1 | datos:{"body":{"email":"c@gmail.com","password":"12345678"}}
2025-11-18T21:39:29.037Z | userId:10 | user:dsadsad | ruta:/users/login | accion:Iniciar sesión | ip:::1 | datos:{"userId":10,"email":"c@gmail.com"}
2025-11-18T21:39:37.646Z | userId:10 | user:dsadsad | ruta:/prestamos/8/editar | accion:POST /prestamos/8/editar | ip:::1 | datos:{"body":{"alumno_id":"1","herramienta":"2","cantidad":"55","profesor":"Carlos Pablo","fecha_prestamo":"    Tue Nov 18 2025 18:18:36 GMT-0300 (hora estándar de Argentina)","fecha_devolucion_estimada":"    Tue Sep 04 2007 05:43:00 GMT-0300 (hora estándar de Argentina)","estado":"Pendiente"}}
2025-11-18T21:43:05.676Z | userId:anon | user:anon | ruta:/prestamos/8/editar | accion:POST /prestamos/8/editar | ip:::1 | datos:{"body":{"alumno_id":"1","herramienta":"2","cantidad":"55","profesor":"Carlos Pablo","fecha_prestamo":"    Tue Nov 18 2025 18:18:36 GMT-0300 (hora estándar de Argentina)","fecha_devolucion_estimada":"    Tue Sep 04 2007 05:43:00 GMT-0300 (hora estándar de Argentina)","estado":"Pendiente"}}
2025-11-18T21:43:29.904Z | userId:anon | user:anon | ruta:/prestamos/8/editar | accion:POST /prestamos/8/editar | ip:::1 | datos:{"body":{"alumno_id":"1","herramienta":"2","cantidad":"55","profesor":"Carlos Pablo","fecha_prestamo":"    Tue Nov 18 2025 18:18:36 GMT-0300 (hora estándar de Argentina)","fecha_devolucion_estimada":"    Tue Sep 04 2007 05:43:00 GMT-0300 (hora estándar de Argentina)","estado":"Pendiente"}}
2025-11-18T21:43:37.250Z | userId:anon | user:anon | ruta:/prestamos/8/editar | accion:POST /prestamos/8/editar | ip:::ffff:127.0.0.1 | datos:{"body":{"alumno_id":"1","herramienta":"2","cantidad":"98","profesor":"Carlos Pablo","fecha_prestamo":"    Tue Nov 18 2025 18:18:36 GMT-0300 (hora estándar de Argentina)","fecha_devolucion_estimada":"    Tue Sep 04 2007 05:43:00 GMT-0300 (hora estándar de Argentina)","estado":"Pendiente"}}
2025-11-18T21:45:32.367Z | userId:anon | user:anon | ruta:/prestamos/8/editar | accion:POST /prestamos/8/editar | ip:::1 | datos:{"body":{"alumno_id":"1","herramienta":"2","cantidad":"98","profesor":"Carlos Pablo","fecha_prestamo":"    Tue Nov 18 2025 18:18:36 GMT-0300 (hora estándar de Argentina)","fecha_devolucion_estimada":"    Tue Sep 04 2007 05:43:00 GMT-0300 (hora estándar de Argentina)","estado":"Pendiente"}}
2025-11-18T21:45:59.479Z | userId:anon | user:anon | ruta:/prestamos/8/editar | accion:POST /prestamos/8/editar | ip:::1 | datos:{"body":{"alumno_id":"1","herramienta":"2","cantidad":"98","profesor":"Carlos Pablo","fecha_prestamo":"    Tue Nov 18 2025 18:18:36 GMT-0300 (hora estándar de Argentina)","fecha_devolucion_estimada":"    Tue Sep 04 2007 05:43:00 GMT-0300 (hora estándar de Argentina)","estado":"Pendiente"}}
2025-11-18T21:46:50.950Z | userId:anon | user:anon | ruta:/prestamos/8/editar | accion:POST /prestamos/8/editar | ip:::1 | datos:{"body":{"alumno_id":"1","herramienta":"2","cantidad":"98","profesor":"Carlos Pablo","fecha_prestamo":"    Tue Nov 18 2025 18:18:36 GMT-0300 (hora estándar de Argentina)","fecha_devolucion_estimada":"    Tue Sep 04 2007 05:43:00 GMT-0300 (hora estándar de Argentina)","estado":"Pendiente"}}
2025-11-18T21:47:05.991Z | userId:anon | user:anon | ruta:/prestamos/8/editar | accion:POST /prestamos/8/editar | ip:::1 | datos:{"body":{"alumno_id":"1","herramienta":"2","cantidad":"98","profesor":"Carlos Pablo","fecha_prestamo":"    Tue Nov 18 2025 18:18:36 GMT-0300 (hora estándar de Argentina)","fecha_devolucion_estimada":"    Tue Sep 04 2007 05:43:00 GMT-0300 (hora estándar de Argentina)","estado":"Pendiente"}}
2025-11-18T21:47:06.905Z | userId:anon | user:anon | ruta:/prestamos/8/editar | accion:POST /prestamos/8/editar | ip:::1 | datos:{"body":{"alumno_id":"1","herramienta":"2","cantidad":"98","profesor":"Carlos Pablo","fecha_prestamo":"    Tue Nov 18 2025 18:18:36 GMT-0300 (hora estándar de Argentina)","fecha_devolucion_estimada":"    Tue Sep 04 2007 05:43:00 GMT-0300 (hora estándar de Argentina)","estado":"Pendiente"}}
2025-11-18T21:47:16.646Z | userId:anon | user:anon | ruta:/prestamos/8/editar | accion:POST /prestamos/8/editar | ip:::1 | datos:{"body":{"alumno_id":"1","herramienta":"2","cantidad":"98","profesor":"Carlos Pablo","fecha_prestamo":"    Tue Nov 18 2025 18:18:36 GMT-0300 (hora estándar de Argentina)","fecha_devolucion_estimada":"    Tue Sep 04 2007 05:43:00 GMT-0300 (hora estándar de Argentina)","estado":"Pendiente"}}
2025-11-18T21:47:39.235Z | userId:anon | user:anon | ruta:/prestamos/8/editar | accion:POST /prestamos/8/editar | ip:::1 | datos:{"body":{"alumno_id":"1","herramienta":"2","cantidad":"98","profesor":"Carlos Pablo","fecha_prestamo":"    Tue Nov 18 2025 18:18:36 GMT-0300 (hora estándar de Argentina)","fecha_devolucion_estimada":"    Tue Sep 04 2007 05:43:00 GMT-0300 (hora estándar de Argentina)","estado":"Pendiente"}}
2025-11-18T21:47:56.444Z | userId:anon | user:anon | ruta:/prestamos/8/editar | accion:POST /prestamos/8/editar | ip:::1 | datos:{"body":{"alumno_id":"1","herramienta":"2","cantidad":"98","profesor":"Carlos Pablo","fecha_prestamo":"    Tue Nov 18 2025 18:18:36 GMT-0300 (hora estándar de Argentina)","fecha_devolucion_estimada":"    Tue Sep 04 2007 05:43:00 GMT-0300 (hora estándar de Argentina)","estado":"Pendiente"}}
2025-11-18T21:54:48.535Z | userId:anon | user:anon | ruta:/users/login | accion:POST /users/login | ip:::1 | datos:{"body":{"email":"c@gmail.com","password":"12345678"}}
2025-11-18T21:54:48.595Z | userId:10 | user:dsadsad | ruta:/users/login | accion:Iniciar sesión | ip:::1 | datos:{"userId":10,"email":"c@gmail.com"}
2025-11-19T15:27:23.447Z | userId:anon | user:anon | ruta:/users/login | accion:POST /users/login | ip:::1 | datos:{"body":{"email":"c@gmail.com","password":"12345678"}}
2025-11-19T15:27:23.510Z | userId:10 | user:dsadsad | ruta:/users/login | accion:Iniciar sesión | ip:::1 | datos:{"userId":10,"email":"c@gmail.com"}
2025-11-19T15:28:06.831Z | userId:10 | user:dsadsad | ruta:/users/profile | accion:POST /users/profile | ip:::1 | datos:{"body":{}}
2025-11-19T15:28:06.832Z | userId:10 | user:dsadsad | ruta:/users/profile | accion:Cerrar sesión | ip:::1 | datos:{"userId":10,"email":"c@gmail.com"}
2025-11-19T15:29:12.483Z | userId:anon | user:anon | ruta:/users/login | accion:POST /users/login | ip:::1 | datos:{"body":{"email":"c@gmail.com","password":"12345678"}}
2025-11-19T15:29:12.532Z | userId:10 | user:dsadsad | ruta:/users/login | accion:Iniciar sesión | ip:::1 | datos:{"userId":10,"email":"c@gmail.com"}
2025-11-19T15:31:41.204Z | userId:10 | user:dsadsad | ruta:/users/profile | accion:POST /users/profile | ip:::1 | datos:{"body":{}}
2025-11-19T15:31:41.205Z | userId:10 | user:dsadsad | ruta:/users/profile | accion:Cerrar sesión | ip:::1 | datos:{"userId":10,"email":"c@gmail.com"}
2025-11-19T15:31:43.437Z | userId:anon | user:anon | ruta:/users/login | accion:POST /users/login | ip:::1 | datos:{"body":{"email":"c@gmail.com","password":"12345678"}}
2025-11-19T15:31:43.486Z | userId:10 | user:dsadsad | ruta:/users/login | accion:Iniciar sesión | ip:::1 | datos:{"userId":10,"email":"c@gmail.com"}
2025-11-19T15:36:53.798Z | userId:10 | user:dsadsad | ruta:/ | accion:POST / | ip:::1 | datos:{"body":{"q":"7"}}
2025-11-19T15:37:05.944Z | userId:10 | user:dsadsad | ruta:/ | accion:POST / | ip:::1 | datos:{"body":{"q":""}}
2025-11-19T15:38:25.892Z | userId:anon | user:anon | ruta:/ | accion:POST / | ip:::1 | datos:{"body":{"q":""}}
2025-11-19T15:38:27.484Z | userId:anon | user:anon | ruta:/users/login | accion:POST /users/login | ip:::1 | datos:{"body":{"email":"c@gmail.com","password":"12345678"}}
2025-11-19T15:38:27.543Z | userId:10 | user:dsadsad | ruta:/users/login | accion:Iniciar sesión | ip:::1 | datos:{"userId":10,"email":"c@gmail.com"}
2025-11-19T15:38:29.865Z | userId:10 | user:dsadsad | ruta:/ | accion:POST / | ip:::1 | datos:{"body":{"q":"7"}}
2025-11-19T15:39:25.655Z | userId:10 | user:dsadsad | ruta:/ | accion:POST / | ip:::1 | datos:{"body":{"q":"7"}}
2025-11-19T15:39:29.922Z | userId:10 | user:dsadsad | ruta:/ | accion:POST / | ip:::1 | datos:{"body":{"q":"Roberto"}}
2025-11-19T15:39:37.594Z | userId:10 | user:dsadsad | ruta:/ | accion:POST / | ip:::1 | datos:{"body":{"q":"Martillo"}}
2025-11-19T15:39:41.138Z | userId:10 | user:dsadsad | ruta:/ | accion:POST / | ip:::1 | datos:{"body":{"q":"Analia"}}
2025-11-19T15:39:45.426Z | userId:10 | user:dsadsad | ruta:/ | accion:POST / | ip:::1 | datos:{"body":{"q":"devuleto"}}
2025-11-19T15:39:48.835Z | userId:10 | user:dsadsad | ruta:/ | accion:POST / | ip:::1 | datos:{"body":{"q":"devuelto"}}
2025-11-19T15:40:00.890Z | userId:10 | user:dsadsad | ruta:/ | accion:POST / | ip:::1 | datos:{"body":{"q":"pendiente"}}
2025-11-19T15:40:03.210Z | userId:10 | user:dsadsad | ruta:/ | accion:POST / | ip:::1 | datos:{"body":{"q":""}}
2025-11-19T15:41:30.941Z | userId:10 | user:dsadsad | ruta:/estudiantes | accion:POST /estudiantes | ip:::1 | datos:{"body":{"q":"r"}}
2025-11-19T15:41:30.946Z | userId:10 | user:dsadsad | ruta:/estudiantes | accion:Buscar alumno | ip:::1 | datos:{"termino":"r"}
2025-11-19T15:41:37.477Z | userId:10 | user:dsadsad | ruta:/estudiantes | accion:POST /estudiantes | ip:::1 | datos:{"body":{"q":"roberto@"}}
2025-11-19T15:41:37.479Z | userId:10 | user:dsadsad | ruta:/estudiantes | accion:Buscar alumno | ip:::1 | datos:{"termino":"roberto@"}
2025-11-19T15:42:15.116Z | userId:anon | user:anon | ruta:/users/login | accion:POST /users/login | ip:::1 | datos:{"body":{"email":"c@gmail.com","password":"12345678"}}
2025-11-19T15:42:15.179Z | userId:10 | user:dsadsad | ruta:/users/login | accion:Iniciar sesión | ip:::1 | datos:{"userId":10,"email":"c@gmail.com"}
2025-11-19T15:42:19.806Z | userId:10 | user:dsadsad | ruta:/estudiantes | accion:POST /estudiantes | ip:::1 | datos:{"body":{"q":"roberto@"}}
2025-11-19T15:42:19.809Z | userId:10 | user:dsadsad | ruta:/estudiantes | accion:Buscar alumno | ip:::1 | datos:{"termino":"roberto@"}
2025-11-19T15:42:25.108Z | userId:10 | user:dsadsad | ruta:/estudiantes | accion:POST /estudiantes | ip:::1 | datos:{"body":{"q":""}}
2025-11-19T15:42:25.111Z | userId:10 | user:dsadsad | ruta:/estudiantes | accion:Buscar alumno | ip:::1 | datos:{"termino":""}
2025-11-19T15:42:42.790Z | userId:anon | user:anon | ruta:/estudiantes | accion:POST /estudiantes | ip:::1 | datos:{"body":{"q":""}}
2025-11-19T15:42:42.819Z | userId:anon | user:anon | ruta:/estudiantes | accion:Buscar alumno | ip:::1 | datos:{"termino":""}
2025-11-19T15:42:44.226Z | userId:anon | user:anon | ruta:/users/login | accion:POST /users/login | ip:::1 | datos:{"body":{"email":"c@gmail.com","password":"12345678"}}
2025-11-19T15:42:44.287Z | userId:10 | user:dsadsad | ruta:/users/login | accion:Iniciar sesión | ip:::1 | datos:{"userId":10,"email":"c@gmail.com"}
2025-11-19T15:42:52.007Z | userId:10 | user:dsadsad | ruta:/estudiantes | accion:POST /estudiantes | ip:::1 | datos:{"body":{"q":"roberto@"}}
2025-11-19T15:42:52.010Z | userId:10 | user:dsadsad | ruta:/estudiantes | accion:Buscar alumno | ip:::1 | datos:{"termino":"roberto@"}
2025-11-19T15:43:00.663Z | userId:10 | user:dsadsad | ruta:/estudiantes | accion:POST /estudiantes | ip:::1 | datos:{"body":{"q":"R"}}
2025-11-19T15:43:00.666Z | userId:10 | user:dsadsad | ruta:/estudiantes | accion:Buscar alumno | ip:::1 | datos:{"termino":"R"}
2025-11-19T15:43:51.287Z | userId:anon | user:anon | ruta:/estudiantes | accion:POST /estudiantes | ip:::1 | datos:{"body":{"q":"R"}}
2025-11-19T15:43:51.313Z | userId:anon | user:anon | ruta:/estudiantes | accion:Buscar alumno | ip:::1 | datos:{"termino":"R"}
2025-11-19T15:43:53.210Z | userId:anon | user:anon | ruta:/users/login | accion:POST /users/login | ip:::1 | datos:{"body":{"email":"c@gmail.com","password":"12345678"}}
2025-11-19T15:43:53.271Z | userId:10 | user:dsadsad | ruta:/users/login | accion:Iniciar sesión | ip:::1 | datos:{"userId":10,"email":"c@gmail.com"}
2025-11-19T15:43:56.471Z | userId:10 | user:dsadsad | ruta:/estudiantes | accion:POST /estudiantes | ip:::1 | datos:{"body":{"q":"r"}}
2025-11-19T15:43:56.474Z | userId:10 | user:dsadsad | ruta:/estudiantes | accion:Buscar alumno | ip:::1 | datos:{"termino":"r"}
2025-11-19T15:43:59.032Z | userId:10 | user:dsadsad | ruta:/estudiantes | accion:POST /estudiantes | ip:::1 | datos:{"body":{"q":"robert"}}
2025-11-19T15:43:59.035Z | userId:10 | user:dsadsad | ruta:/estudiantes | accion:Buscar alumno | ip:::1 | datos:{"termino":"robert"}
2025-11-19T15:44:03.680Z | userId:10 | user:dsadsad | ruta:/estudiantes | accion:POST /estudiantes | ip:::1 | datos:{"body":{"q":"roberto@"}}
2025-11-19T15:44:03.682Z | userId:10 | user:dsadsad | ruta:/estudiantes | accion:Buscar alumno | ip:::1 | datos:{"termino":"roberto@"}
2025-11-19T15:44:16.278Z | userId:anon | user:anon | ruta:/estudiantes | accion:POST /estudiantes | ip:::1 | datos:{"body":{"q":"roberto@"}}
2025-11-19T15:44:16.305Z | userId:anon | user:anon | ruta:/estudiantes | accion:Buscar alumno | ip:::1 | datos:{"termino":"roberto@"}
2025-11-19T15:44:17.561Z | userId:anon | user:anon | ruta:/users/login | accion:POST /users/login | ip:::1 | datos:{"body":{"email":"c@gmail.com","password":"12345678"}}
2025-11-19T15:44:17.623Z | userId:10 | user:dsadsad | ruta:/users/login | accion:Iniciar sesión | ip:::1 | datos:{"userId":10,"email":"c@gmail.com"}
2025-11-19T16:26:13.029Z | userId:anon | user:anon | ruta:/users/login | accion:POST /users/login | ip:::1 | datos:{"body":{"email":"c@gmail.com","password":"12345678"}}
2025-11-19T16:26:13.093Z | userId:10 | user:dsadsad | ruta:/users/login | accion:Iniciar sesión | ip:::1 | datos:{"userId":10,"email":"c@gmail.com"}
2025-11-19T16:27:54.524Z | userId:10 | user:dsadsad | ruta:/estudiantes | accion:POST /estudiantes | ip:::1 | datos:{"body":{"q":"1"}}
2025-11-19T16:27:54.530Z | userId:10 | user:dsadsad | ruta:/estudiantes | accion:Buscar alumno | ip:::1 | datos:{"termino":"1"}
2025-11-19T16:28:06.510Z | userId:10 | user:dsadsad | ruta:/estudiantes | accion:POST /estudiantes | ip:::1 | datos:{"body":{"q":"Roberto"}}
2025-11-19T16:28:06.516Z | userId:10 | user:dsadsad | ruta:/estudiantes | accion:Buscar alumno | ip:::1 | datos:{"termino":"Roberto"}
2025-11-19T16:28:11.062Z | userId:10 | user:dsadsad | ruta:/estudiantes | accion:POST /estudiantes | ip:::1 | datos:{"body":{"q":"Roberto"}}
2025-11-19T16:28:11.065Z | userId:10 | user:dsadsad | ruta:/estudiantes | accion:Buscar alumno | ip:::1 | datos:{"termino":"Roberto"}
2025-11-19T16:28:16.855Z | userId:10 | user:dsadsad | ruta:/estudiantes | accion:POST /estudiantes | ip:::1 | datos:{"body":{"q":"roberto@"}}
2025-11-19T16:28:16.857Z | userId:10 | user:dsadsad | ruta:/estudiantes | accion:Buscar alumno | ip:::1 | datos:{"termino":"roberto@"}
2025-11-19T16:28:22.326Z | userId:10 | user:dsadsad | ruta:/estudiantes | accion:POST /estudiantes | ip:::1 | datos:{"body":{"q":"47931"}}
2025-11-19T16:28:22.328Z | userId:10 | user:dsadsad | ruta:/estudiantes | accion:Buscar alumno | ip:::1 | datos:{"termino":"47931"}
2025-11-19T16:28:26.966Z | userId:10 | user:dsadsad | ruta:/estudiantes | accion:POST /estudiantes | ip:::1 | datos:{"body":{"q":"5to"}}
2025-11-19T16:28:26.969Z | userId:10 | user:dsadsad | ruta:/estudiantes | accion:Buscar alumno | ip:::1 | datos:{"termino":"5to"}
2025-11-19T16:28:31.606Z | userId:10 | user:dsadsad | ruta:/estudiantes | accion:POST /estudiantes | ip:::1 | datos:{"body":{"q":"4to"}}
2025-11-19T16:33:06.358Z | userId:anon | user:anon | ruta:/users/login | accion:POST /users/login | ip:::1 | datos:{"body":{"email":"c@gmail.com","password":"12345678"}}
2025-11-19T16:33:06.423Z | userId:10 | user:dsadsad | ruta:/users/login | accion:Iniciar sesión | ip:::1 | datos:{"userId":10,"email":"c@gmail.com"}
2025-11-19T16:34:49.772Z | userId:10 | user:dsadsad | ruta:/estudiantes/eliminar/6 | accion:Borrar alumno | ip:::1 | datos:{"id":"6"}
2025-11-19T16:34:59.088Z | userId:10 | user:dsadsad | ruta:/estudiantes/editar/5 | accion:POST /estudiantes/editar/5 | ip:::1 | datos:{"body":{"nombre":"Hualpa daiana","dni":"1234636","email":"hualpa@gmail.com","curso":"4to 3ra","telefono":""}}
2025-11-19T16:34:59.095Z | userId:10 | user:dsadsad | ruta:/estudiantes/editar/5 | accion:Actualizar alumno | ip:::1 | datos:{"id":"5","nombre":"Hualpa daiana","dni":"1234636","telefono":""}
2025-11-19T16:35:02.870Z | userId:10 | user:dsadsad | ruta:/estudiantes/editar/5 | accion:POST /estudiantes/editar/5 | ip:::1 | datos:{"body":{"nombre":"Hualpa daiana","dni":"1234636","email":"hualpa@gmail.com","curso":"4to 3ra","telefono":""}}
2025-11-19T16:35:02.873Z | userId:10 | user:dsadsad | ruta:/estudiantes/editar/5 | accion:Actualizar alumno | ip:::1 | datos:{"id":"5","nombre":"Hualpa daiana","dni":"1234636","telefono":""}
2025-11-19T16:35:18.904Z | userId:10 | user:dsadsad | ruta:/estudiantes/add | accion:POST /estudiantes/add | ip:::1 | datos:{"body":{"nombre":"Candela Tomas","dni":"23123123","email":"llamparoberto5@gmail.com","curso":"4to 3ra","telefono":"3884177043"}}
2025-11-19T16:35:18.914Z | userId:10 | user:dsadsad | ruta:/estudiantes/add | accion:Crear alumno | ip:::1 | datos:{"nombre":"Candela Tomas","dni":"23123123"}
2025-11-19T16:35:21.322Z | userId:10 | user:dsadsad | ruta:/estudiantes/reporte | accion:POST /estudiantes/reporte | ip:::1 | datos:{"body":{}}
2025-11-19T16:35:21.353Z | userId:10 | user:dsadsad | ruta:/estudiantes/reporte | accion:Generar reporte PDF de estudiantes | ip:::1 | datos:{"totalEstudiantes":6}
2025-11-19T16:38:19.684Z | userId:anon | user:anon | ruta:/users/login | accion:POST /users/login | ip:::1 | datos:{"body":{"email":"c@gmail.com","password":"12345678"}}
2025-11-19T16:38:19.751Z | userId:10 | user:dsadsad | ruta:/users/login | accion:Iniciar sesión | ip:::1 | datos:{"userId":10,"email":"c@gmail.com"}
2025-11-19T16:38:23.860Z | userId:10 | user:dsadsad | ruta:/herramientas | accion:POST /herramientas | ip:::1 | datos:{"body":{"q":"1"}}
2025-11-19T16:38:23.863Z | userId:10 | user:dsadsad | ruta:/herramientas | accion:Buscar herramienta | ip:::1 | datos:{"termino":"1"}
2025-11-19T16:38:27.821Z | userId:10 | user:dsadsad | ruta:/herramientas | accion:POST /herramientas | ip:::1 | datos:{"body":{"q":"Martillo"}}
2025-11-19T16:38:27.823Z | userId:10 | user:dsadsad | ruta:/herramientas | accion:Buscar herramienta | ip:::1 | datos:{"termino":"Martillo"}
2025-11-19T16:38:29.709Z | userId:10 | user:dsadsad | ruta:/herramientas | accion:POST /herramientas | ip:::1 | datos:{"body":{"q":""}}
2025-11-19T16:38:29.711Z | userId:10 | user:dsadsad | ruta:/herramientas | accion:Buscar herramienta | ip:::1 | datos:{"termino":""}
2025-11-19T16:38:34.748Z | userId:10 | user:dsadsad | ruta:/herramientas | accion:POST /herramientas | ip:::1 | datos:{"body":{"q":"manuales"}}
2025-11-19T16:38:34.751Z | userId:10 | user:dsadsad | ruta:/herramientas | accion:Buscar herramienta | ip:::1 | datos:{"termino":"manuales"}
2025-11-19T16:38:41.948Z | userId:10 | user:dsadsad | ruta:/herramientas | accion:POST /herramientas | ip:::1 | datos:{"body":{"q":"asdasdad"}}
2025-11-19T16:38:41.951Z | userId:10 | user:dsadsad | ruta:/herramientas | accion:Buscar herramienta | ip:::1 | datos:{"termino":"asdasdad"}
2025-11-19T16:38:49.372Z | userId:10 | user:dsadsad | ruta:/herramientas | accion:POST /herramientas | ip:::1 | datos:{"body":{"q":"disponible"}}
2025-11-19T16:38:49.375Z | userId:10 | user:dsadsad | ruta:/herramientas | accion:Buscar herramienta | ip:::1 | datos:{"termino":"disponible"}
2025-11-19T16:40:04.081Z | userId:10 | user:dsadsad | ruta:/herramientas/reportePDF | accion:POST /herramientas/reportePDF | ip:::1 | datos:{"body":{}}
2025-11-19T16:40:04.102Z | userId:10 | user:dsadsad | ruta:/herramientas/reportePDF | accion:Generar reporte PDF de herramientas | ip:::1 | datos:{"totalHerramientas":6}
2025-11-19T16:40:22.813Z | userId:10 | user:dsadsad | ruta:/herramientas/add | accion:POST /herramientas/add | ip:::1 | datos:{"body":{"nombre":"sdgdsgdfhd","descripcion":"sadsadasdasd","categoria":"Manuales","cantidad":"435","estado":"Disponible"}}
2025-11-19T16:40:22.819Z | userId:10 | user:dsadsad | ruta:/herramientas/add | accion:Crear herramienta | ip:::1 | datos:{"nombre":"sdgdsgdfhd","categoria":"Manuales"}
2025-11-19T16:40:29.263Z | userId:10 | user:dsadsad | ruta:/herramientas/7/editar | accion:POST /herramientas/7/editar | ip:::1 | datos:{"body":{"nombre":"sdgdsgdfhd","categoria":"Manuales","cantidad":"435321","estado":"Disponible","descripcion":"sadsadasdasd"}}
2025-11-19T16:40:29.268Z | userId:10 | user:dsadsad | ruta:/herramientas/7/editar | accion:Actualizar herramienta | ip:::1 | datos:{"id":"7","nombre":"sdgdsgdfhd","categoria":"Manuales"}
2025-11-19T16:40:32.994Z | userId:10 | user:dsadsad | ruta:/herramientas/7/eliminar | accion:Borrar herramienta | ip:::1 | datos:{"id":"7","nombre":"sdgdsgdfhd","categoria":"Manuales"}
2025-11-19T16:41:45.717Z | userId:anon | user:anon | ruta:/prestamos | accion:POST /prestamos | ip:::1 | datos:{"body":{"q":"1"}}
2025-11-19T16:41:51.182Z | userId:anon | user:anon | ruta:/users/login | accion:POST /users/login | ip:::1 | datos:{"body":{"email":"c@gmail.com","password":"12345678"}}
2025-11-19T16:41:51.242Z | userId:10 | user:dsadsad | ruta:/users/login | accion:Iniciar sesión | ip:::1 | datos:{"userId":10,"email":"c@gmail.com"}
2025-11-19T16:41:53.715Z | userId:10 | user:dsadsad | ruta:/prestamos | accion:POST /prestamos | ip:::1 | datos:{"body":{"q":"1"}}
2025-11-19T16:42:05.890Z | userId:10 | user:dsadsad | ruta:/prestamos | accion:POST /prestamos | ip:::1 | datos:{"body":{"q":"Ma"}}
2025-11-19T16:45:11.263Z | userId:anon | user:anon | ruta:/users/login | accion:POST /users/login | ip:::1 | datos:{"body":{"email":"c@gmail.com","password":"12345678"}}
2025-11-19T16:45:11.329Z | userId:10 | user:dsadsad | ruta:/users/login | accion:Iniciar sesión | ip:::1 | datos:{"userId":10,"email":"c@gmail.com"}
2025-11-19T16:45:14.143Z | userId:10 | user:dsadsad | ruta:/prestamos | accion:POST /prestamos | ip:::1 | datos:{"body":{"q":""}}
2025-11-19T16:45:15.754Z | userId:10 | user:dsadsad | ruta:/prestamos | accion:POST /prestamos | ip:::1 | datos:{"body":{"q":""}}
2025-11-19T16:45:46.532Z | userId:anon | user:anon | ruta:/users/login | accion:POST /users/login | ip:::1 | datos:{"body":{"email":"c@gmail.com","password":"12345678"}}
2025-11-19T16:45:46.593Z | userId:10 | user:dsadsad | ruta:/users/login | accion:Iniciar sesión | ip:::1 | datos:{"userId":10,"email":"c@gmail.com"}
2025-11-19T16:45:48.136Z | userId:10 | user:dsadsad | ruta:/prestamos | accion:POST /prestamos | ip:::1 | datos:{"body":{"q":""}}
2025-11-19T16:45:55.591Z | userId:10 | user:dsadsad | ruta:/prestamos | accion:POST /prestamos | ip:::1 | datos:{"body":{"q":"id"}}
2025-11-19T16:45:57.039Z | userId:10 | user:dsadsad | ruta:/prestamos | accion:POST /prestamos | ip:::1 | datos:{"body":{"q":""}}
2025-11-19T16:45:58.463Z | userId:10 | user:dsadsad | ruta:/prestamos | accion:POST /prestamos | ip:::1 | datos:{"body":{"q":"1"}}
2025-11-19T16:45:59.773Z | userId:10 | user:dsadsad | ruta:/prestamos | accion:POST /prestamos | ip:::1 | datos:{"body":{"q":""}}
2025-11-19T16:46:03.103Z | userId:10 | user:dsadsad | ruta:/prestamos | accion:POST /prestamos | ip:::1 | datos:{"body":{"q":"rober"}}
2025-11-19T16:46:04.224Z | userId:10 | user:dsadsad | ruta:/prestamos | accion:POST /prestamos | ip:::1 | datos:{"body":{"q":""}}
2025-11-19T16:46:06.447Z | userId:10 | user:dsadsad | ruta:/prestamos | accion:POST /prestamos | ip:::1 | datos:{"body":{"q":"marti"}}
2025-11-19T16:46:07.573Z | userId:10 | user:dsadsad | ruta:/prestamos | accion:POST /prestamos | ip:::1 | datos:{"body":{"q":""}}
2025-11-19T16:46:11.943Z | userId:10 | user:dsadsad | ruta:/prestamos | accion:POST /prestamos | ip:::1 | datos:{"body":{"q":"ana"}}
2025-11-19T16:46:13.208Z | userId:10 | user:dsadsad | ruta:/prestamos | accion:POST /prestamos | ip:::1 | datos:{"body":{"q":""}}
2025-11-19T16:46:17.766Z | userId:10 | user:dsadsad | ruta:/prestamos | accion:POST /prestamos | ip:::1 | datos:{"body":{"q":"devuelto"}}
2025-11-19T16:46:21.199Z | userId:10 | user:dsadsad | ruta:/prestamos | accion:POST /prestamos | ip:::1 | datos:{"body":{"q":"pendiente"}}
2025-11-19T16:46:22.672Z | userId:10 | user:dsadsad | ruta:/prestamos | accion:POST /prestamos | ip:::1 | datos:{"body":{"q":""}}
2025-11-19T16:46:47.263Z | userId:10 | user:dsadsad | ruta:/prestamos | accion:POST /prestamos | ip:::1 | datos:{"body":{"q":""}}
2025-11-19T16:46:52.447Z | userId:10 | user:dsadsad | ruta:/prestamos | accion:POST /prestamos | ip:::1 | datos:{"body":{"q":"1 devuelto"}}
2025-11-19T16:46:55.272Z | userId:10 | user:dsadsad | ruta:/prestamos | accion:POST /prestamos | ip:::1 | datos:{"body":{"q":""}}
2025-11-19T16:47:34.010Z | userId:10 | user:dsadsad | ruta:/prestamos/reporte | accion:POST /prestamos/reporte | ip:::1 | datos:{"body":{}}
2025-11-19T16:50:02.956Z | userId:anon | user:anon | ruta:/users/login | accion:POST /users/login | ip:::1 | datos:{"body":{"email":"c@gmail.com","password":"12345678"}}
2025-11-19T16:50:03.018Z | userId:10 | user:dsadsad | ruta:/users/login | accion:Iniciar sesión | ip:::1 | datos:{"userId":10,"email":"c@gmail.com"}
2025-11-19T16:50:05.517Z | userId:10 | user:dsadsad | ruta:/prestamos/reporte | accion:POST /prestamos/reporte | ip:::1 | datos:{"body":{}}
2025-11-19T16:50:44.908Z | userId:anon | user:anon | ruta:/users/login | accion:POST /users/login | ip:::1 | datos:{"body":{"email":"c@gmail.com","password":"12345678"}}
2025-11-19T16:50:44.973Z | userId:10 | user:dsadsad | ruta:/users/login | accion:Iniciar sesión | ip:::1 | datos:{"userId":10,"email":"c@gmail.com"}
2025-11-19T16:51:30.642Z | userId:anon | user:anon | ruta:/users/login | accion:POST /users/login | ip:::1 | datos:{"body":{"email":"c@gmail.com","password":"12345678"}}
2025-11-19T16:51:30.705Z | userId:10 | user:dsadsad | ruta:/users/login | accion:Iniciar sesión | ip:::1 | datos:{"userId":10,"email":"c@gmail.com"}
2025-11-19T16:53:25.233Z | userId:10 | user:dsadsad | ruta:/prestamos/add | accion:POST /prestamos/add | ip:::1 | datos:{"body":{"estudiante":"1","herramienta":"4","profesor":"saddsad","cantidad":"75","observaciones":"sadsadasd","fecha_devolucion":"11/23/2025 12:00"}}
2025-11-19T16:53:33.188Z | userId:10 | user:dsadsad | ruta:/prestamos/add | accion:POST /prestamos/add | ip:::1 | datos:{"body":{"estudiante":"1","herramienta":"4","profesor":"saddsad","cantidad":"11","observaciones":"sadsadasd","fecha_devolucion":"11/23/2025 12:00"}}
2025-11-19T16:54:07.255Z | userId:10 | user:dsadsad | ruta:/prestamos/9/editar | accion:POST /prestamos/9/editar | ip:::1 | datos:{"body":{"alumno_id":"2","herramienta":"4","cantidad":"11","profesor":"saddsad","fecha_prestamo":"    Wed Nov 19 2025 13:53:33 GMT-0300 (hora estándar de Argentina)","fecha_devolucion_estimada":"    Sun Nov 23 2025 12:00:00 GMT-0300 (hora estándar de Argentina)","estado":"Pendiente"}}
2025-11-19T16:54:07.265Z | userId:10 | user:dsadsad | ruta:/prestamos/9/editar | accion:Actualizar préstamo | ip:::1 | datos:{"id":"9","estudiante_id":"2","herramientas_id":"4"}
2025-11-19T16:54:18.105Z | userId:10 | user:dsadsad | ruta:/prestamos/9/editar | accion:POST /prestamos/9/editar | ip:::1 | datos:{"body":{"alumno_id":"2","herramienta":"2","cantidad":"11","profesor":"saddsad","fecha_prestamo":"    Wed Nov 19 2025 13:53:33 GMT-0300 (hora estándar de Argentina)","fecha_devolucion_estimada":"    Sun Nov 23 2025 12:00:00 GMT-0300 (hora estándar de Argentina)","estado":"Pendiente"}}
2025-11-19T16:54:21.622Z | userId:10 | user:dsadsad | ruta:/prestamos/9/editar | accion:POST /prestamos/9/editar | ip:::1 | datos:{"body":{"alumno_id":"2","herramienta":"5","cantidad":"11","profesor":"saddsad","fecha_prestamo":"    Wed Nov 19 2025 13:53:33 GMT-0300 (hora estándar de Argentina)","fecha_devolucion_estimada":"    Sun Nov 23 2025 12:00:00 GMT-0300 (hora estándar de Argentina)","estado":"Pendiente"}}
2025-11-19T16:54:21.628Z | userId:10 | user:dsadsad | ruta:/prestamos/9/editar | accion:Actualizar préstamo | ip:::1 | datos:{"id":"9","estudiante_id":"2","herramientas_id":"5"}
2025-11-19T16:54:30.073Z | userId:10 | user:dsadsad | ruta:/prestamos/9/editar | accion:POST /prestamos/9/editar | ip:::1 | datos:{"body":{"alumno_id":"2","herramienta":"5","cantidad":"11","profesor":"Analia flores","fecha_prestamo":"    Wed Nov 19 2025 13:53:33 GMT-0300 (hora estándar de Argentina)","fecha_devolucion_estimada":"    Sun Nov 23 2025 12:00:00 GMT-0300 (hora estándar de Argentina)","estado":"Pendiente"}}
2025-11-19T16:54:30.079Z | userId:10 | user:dsadsad | ruta:/prestamos/9/editar | accion:Actualizar préstamo | ip:::1 | datos:{"id":"9","estudiante_id":"2","herramientas_id":"5"}
2025-11-19T16:54:43.340Z | userId:10 | user:dsadsad | ruta:/prestamos/9/editar | accion:POST /prestamos/9/editar | ip:::1 | datos:{"body":{"alumno_id":"2","herramienta":"5","cantidad":"11","profesor":"Analia flores","fecha_prestamo":"    Wed Nov 19 2025 13:53:33 GMT-0300 (hora estándar de Argentina)","fecha_devolucion_estimada":"    Sun Nov 23 2025 12:00:00 GMT-0300 (hora estándar de Argentina)","estado":"Pendiente"}}
2025-11-19T16:54:43.347Z | userId:10 | user:dsadsad | ruta:/prestamos/9/editar | accion:Actualizar préstamo | ip:::1 | datos:{"id":"9","estudiante_id":"2","herramientas_id":"5"}
2025-11-19T16:54:58.291Z | userId:10 | user:dsadsad | ruta:/prestamos/8/editar | accion:POST /prestamos/8/editar | ip:::1 | datos:{"body":{"alumno_id":"1","herramienta":"2","cantidad":"5","profesor":"Carlos Pablo","fecha_prestamo":"    Mod Nov 18 2025 18:18:36 GMT-0300 (hora estándar de Argentina)","fecha_devolucion_estimada":"    Tue Sep 04 2007 05:43:00 GMT-0300 (hora estándar de Argentina)","estado":"Pendiente"}}
2025-11-19T16:54:58.299Z | userId:10 | user:dsadsad | ruta:/prestamos/8/editar | accion:Actualizar préstamo | ip:::1 | datos:{"id":"8","estudiante_id":"1","herramientas_id":"2"}
2025-11-19T16:55:21.158Z | userId:10 | user:dsadsad | ruta:/prestamos/8/editar | accion:POST /prestamos/8/editar | ip:::1 | datos:{"body":{"alumno_id":"1","herramienta":"2","cantidad":"5","profesor":"Carlos Pablo","fecha_prestamo":"    Moday Nov 18 2025 18:18:36 GMT-0300 (hora estándar de Argentina)","fecha_devolucion_estimada":"    Tue Sep 04 2007 05:43:00 GMT-0300 (hora estándar de Argentina)","estado":"Pendiente"}}
2025-11-19T16:55:21.164Z | userId:10 | user:dsadsad | ruta:/prestamos/8/editar | accion:Actualizar préstamo | ip:::1 | datos:{"id":"8","estudiante_id":"1","herramientas_id":"2"}
2025-11-19T16:55:38.092Z | userId:10 | user:dsadsad | ruta:/prestamos/8/editar | accion:POST /prestamos/8/editar | ip:::1 | datos:{"body":{"alumno_id":"1","herramienta":"2","cantidad":"5","profesor":"Carlos Pablo","fecha_prestamo":"    9 Nov 18 2025 18:18:36 GMT-0300 (hora estándar de Argentina)","fecha_devolucion_estimada":"    Tue Sep 04 2007 05:43:00 GMT-0300 (hora estándar de Argentina)","estado":"Pendiente"}}
2025-11-19T16:55:38.100Z | userId:10 | user:dsadsad | ruta:/prestamos/8/editar | accion:Actualizar préstamo | ip:::1 | datos:{"id":"8","estudiante_id":"1","herramientas_id":"2"}
2025-11-19T16:59:07.932Z | userId:10 | user:dsadsad | ruta:/prestamos/8/editar | accion:POST /prestamos/8/editar | ip:::1 | datos:{"body":{"alumno_id":"1","herramienta":"2","cantidad":"5","profesor":"Carlos Pablo","fecha_prestamo":"    Fri Nov 09 2018 18:18:36 GMT-0300 (hora estándar de Argentina)","fecha_devolucion_estimada":"    Tue Sep 04 2007 05:43:00 GMT-0300 (hora estándar de Argentina)","estado":"Pendiente"}}
2025-11-19T16:59:07.944Z | userId:10 | user:dsadsad | ruta:/prestamos/8/editar | accion:Actualizar préstamo | ip:::1 | datos:{"id":"8","estudiante_id":"1","herramientas_id":"2"}
2025-11-19T16:59:22.581Z | userId:10 | user:dsadsad | ruta:/prestamos/8/editar | accion:POST /prestamos/8/editar | ip:::1 | datos:{"body":{"alumno_id":"1","herramienta":"2","cantidad":"5","profesor":"Carlos Pablo","fecha_prestamo":"    Fri 3 09 2018 18:18:36 GMT-0300 (hora estándar de Argentina)","fecha_devolucion_estimada":"    Tue Sep 04 2007 05:43:00 GMT-0300 (hora estándar de Argentina)","estado":"Pendiente"}}
2025-11-19T16:59:22.589Z | userId:10 | user:dsadsad | ruta:/prestamos/8/editar | accion:Actualizar préstamo | ip:::1 | datos:{"id":"8","estudiante_id":"1","herramientas_id":"2"}
2025-11-19T17:02:16.511Z | userId:10 | user:dsadsad | ruta:/users/edit | accion:POST /users/edit | ip:::1 | datos:{}
2025-11-19T17:02:16.522Z | userId:10 | user:dsadsad | ruta:/users/edit | accion:Actualizar perfil | ip:::1 | datos:{"userId":10,"email":"c@gmail.com"}
2025-11-19T17:02:28.341Z | userId:10 | user:dsadsad | ruta:/herramientas/1/editar | accion:POST /herramientas/1/editar | ip:::1 | datos:{"body":{"nombre":"Martillo","categoria":"Manuales","cantidad":"48","estado":"Disponible","descripcion":"sadsadasdasdas"}}
2025-11-19T17:02:28.345Z | userId:10 | user:dsadsad | ruta:/herramientas/1/editar | accion:Actualizar herramienta | ip:::1 | datos:{"id":"1","nombre":"Martillo","categoria":"Manuales"}
2025-11-19T17:02:47.755Z | userId:10 | user:dsadsad | ruta:/users/profile | accion:POST /users/profile | ip:::1 | datos:{"body":{}}
2025-11-19T17:02:47.755Z | userId:10 | user:dsadsad | ruta:/users/profile | accion:Cerrar sesión | ip:::1 | datos:{"userId":10,"email":"c@gmail.com"}
2025-11-19T17:02:48.788Z | userId:anon | user:anon | ruta:/users/login | accion:POST /users/login | ip:::1 | datos:{"body":{"email":"c@gmail.com","password":"12345678"}}
2025-11-19T17:02:48.838Z | userId:10 | user:pau | ruta:/users/login | accion:Iniciar sesión | ip:::1 | datos:{"userId":10,"email":"c@gmail.com"}
2025-11-19T17:04:13.109Z | userId:10 | user:pau | ruta:/audit/reporte/pdf | accion:POST /audit/reporte/pdf | ip:::1 | datos:{"body":{}}
2025-11-19T17:07:51.018Z | userId:10 | user:pau | ruta:/users/generate-pdf-users | accion:POST /users/generate-pdf-users | ip:::1 | datos:{"body":{}}
2025-11-19T17:07:51.035Z | userId:10 | user:pau | ruta:/users/generate-pdf-users | accion:Generar listado de usuarios en PDF | ip:::1 | datos:{"userId":10}
2025-11-19T17:09:10.041Z | userId:10 | user:pau | ruta:/users | accion:POST /users | ip:::1 | datos:{"body":{"q":"rober"}}
2025-11-19T17:12:26.285Z | userId:anon | user:anon | ruta:/users/generate-pdf-users | accion:POST /users/generate-pdf-users | ip:::1 | datos:{"body":{}}
2025-11-19T17:13:32.309Z | userId:anon | user:anon | ruta:/users | accion:POST /users | ip:::1 | datos:{"body":{"q":"rober"}}
2025-11-19T17:13:47.181Z | userId:anon | user:anon | ruta:/users | accion:POST /users | ip:::1 | datos:{"body":{"q":"Robert"}}
2025-11-19T17:13:51.933Z | userId:anon | user:anon | ruta:/users | accion:POST /users | ip:::1 | datos:{"body":{"q":"47"}}
2025-11-19T17:13:53.610Z | userId:anon | user:anon | ruta:/users | accion:POST /users | ip:::1 | datos:{"body":{"q":""}}
2025-11-19T17:13:57.821Z | userId:anon | user:anon | ruta:/users | accion:POST /users | ip:::1 | datos:{"body":{"q":"Roberto Llampa"}}
2025-11-19T17:13:59.492Z | userId:anon | user:anon | ruta:/users | accion:POST /users | ip:::1 | datos:{"body":{"q":""}}
2025-11-19T17:14:03.181Z | userId:anon | user:anon | ruta:/users | accion:POST /users | ip:::1 | datos:{"body":{"q":"roberto@"}}
2025-11-19T17:14:04.309Z | userId:anon | user:anon | ruta:/users | accion:POST /users | ip:::1 | datos:{"body":{"q":""}}
2025-11-19T17:14:08.390Z | userId:anon | user:anon | ruta:/users | accion:POST /users | ip:::1 | datos:{"body":{"q":"3"}}
2025-11-19T17:14:10.941Z | userId:anon | user:anon | ruta:/users | accion:POST /users | ip:::1 | datos:{"body":{"q":"1"}}
2025-11-19T17:14:13.542Z | userId:anon | user:anon | ruta:/users | accion:POST /users | ip:::1 | datos:{"body":{"q":""}}
2025-11-19T17:14:42.003Z | userId:anon | user:anon | ruta:/users/login | accion:POST /users/login | ip:::1 | datos:{"body":{"email":"c@gmail.com","password":"12345678"}}
2025-11-19T17:14:42.090Z | userId:10 | user:pau | ruta:/users/login | accion:Iniciar sesión | ip:::1 | datos:{"userId":10,"email":"c@gmail.com"}
2025-11-19T17:14:46.696Z | userId:10 | user:pau | ruta:/users | accion:POST /users | ip:::1 | datos:{"body":{"q":"2"}}
2025-11-19T17:14:51.663Z | userId:10 | user:pau | ruta:/users | accion:POST /users | ip:::1 | datos:{"body":{"q":"activo"}}
2025-11-19T17:14:53.091Z | userId:10 | user:pau | ruta:/users | accion:POST /users | ip:::1 | datos:{"body":{"q":""}}
2025-11-19T17:14:58.718Z | userId:10 | user:pau | ruta:/users | accion:POST /users | ip:::1 | datos:{"body":{"q":"bloqueado"}}
2025-11-19T17:15:00.043Z | userId:10 | user:pau | ruta:/users | accion:POST /users | ip:::1 | datos:{"body":{"q":""}}
2025-11-19T17:15:12.498Z | userId:10 | user:pau | ruta:/users | accion:POST /users | ip:::1 | datos:{"body":{"q":"1"}}
2025-11-19T17:15:14.839Z | userId:10 | user:pau | ruta:/users | accion:POST /users | ip:::1 | datos:{"body":{"q":"0"}}
2025-11-19T17:15:18.671Z | userId:10 | user:pau | ruta:/users | accion:POST /users | ip:::1 | datos:{"body":{"q":"1"}}
2025-11-19T17:19:18.321Z | userId:anon | user:anon | ruta:/insumos | accion:POST /insumos | ip:::1 | datos:{"body":{"q":"6"}}
2025-11-19T17:19:18.347Z | userId:anon | user:anon | ruta:/insumos | accion:Buscar insumo | ip:::1 | datos:{"termino":"6"}
2025-11-19T17:19:19.702Z | userId:anon | user:anon | ruta:/insumos | accion:POST /insumos | ip:::1 | datos:{"body":{"q":""}}
2025-11-19T17:19:19.706Z | userId:anon | user:anon | ruta:/insumos | accion:Buscar insumo | ip:::1 | datos:{"termino":""}
2025-11-19T17:19:22.516Z | userId:anon | user:anon | ruta:/insumos | accion:POST /insumos | ip:::1 | datos:{"body":{"q":"Cable"}}
2025-11-19T17:19:22.519Z | userId:anon | user:anon | ruta:/insumos | accion:Buscar insumo | ip:::1 | datos:{"termino":"Cable"}
2025-11-19T17:19:29.580Z | userId:anon | user:anon | ruta:/insumos | accion:POST /insumos | ip:::1 | datos:{"body":{"q":"hola buenas esta"}}
2025-11-19T17:19:29.583Z | userId:anon | user:anon | ruta:/insumos | accion:Buscar insumo | ip:::1 | datos:{"termino":"hola buenas esta"}
2025-11-19T17:19:31.973Z | userId:anon | user:anon | ruta:/insumos | accion:POST /insumos | ip:::1 | datos:{"body":{"q":""}}
2025-11-19T17:19:31.976Z | userId:anon | user:anon | ruta:/insumos | accion:Buscar insumo | ip:::1 | datos:{"termino":""}
2025-11-19T17:19:40.954Z | userId:anon | user:anon | ruta:/insumos | accion:POST /insumos | ip:::1 | datos:{"body":{"q":"disponible"}}
2025-11-19T17:19:40.956Z | userId:anon | user:anon | ruta:/insumos | accion:Buscar insumo | ip:::1 | datos:{"termino":"disponible"}
2025-11-19T17:19:46.125Z | userId:anon | user:anon | ruta:/insumos | accion:POST /insumos | ip:::1 | datos:{"body":{"q":"1das"}}
2025-11-19T17:19:46.127Z | userId:anon | user:anon | ruta:/insumos | accion:Buscar insumo | ip:::1 | datos:{"termino":"1das"}
2025-11-19T17:19:47.429Z | userId:anon | user:anon | ruta:/insumos | accion:POST /insumos | ip:::1 | datos:{"body":{"q":""}}
2025-11-19T17:19:47.432Z | userId:anon | user:anon | ruta:/insumos | accion:Buscar insumo | ip:::1 | datos:{"termino":""}
2025-11-19T17:21:02.357Z | userId:anon | user:anon | ruta:/insumos/1/edit | accion:POST /insumos/1/edit | ip:::1 | datos:{"body":{"nombre":"afdfsd","descripcion":"2qasdasd","cantidad":"42","estado":""}}
2025-11-19T17:21:02.363Z | userId:anon | user:anon | ruta:/insumos/1/edit | accion:Actualizar insumo | ip:::1 | datos:{"id":"1","nombre":"afdfsd"}
2025-11-19T17:21:03.872Z | userId:anon | user:anon | ruta:/insumos | accion:POST /insumos | ip:::1 | datos:{"body":{"q":""}}
2025-11-19T17:21:03.874Z | userId:anon | user:anon | ruta:/insumos | accion:Buscar insumo | ip:::1 | datos:{"termino":""}
2025-11-19T17:21:40.350Z | userId:anon | user:anon | ruta:/insumos | accion:POST /insumos | ip:::1 | datos:{"body":{"q":""}}
2025-11-19T17:21:40.355Z | userId:anon | user:anon | ruta:/insumos | accion:Buscar insumo | ip:::1 | datos:{"termino":""}
2025-11-19T17:21:51.333Z | userId:anon | user:anon | ruta:/insumos | accion:POST /insumos | ip:::1 | datos:{"body":{"q":""}}
2025-11-19T17:21:51.338Z | userId:anon | user:anon | ruta:/insumos | accion:Buscar insumo | ip:::1 | datos:{"termino":""}
2025-11-19T17:21:55.821Z | userId:anon | user:anon | ruta:/insumos/1/edit | accion:POST /insumos/1/edit | ip:::1 | datos:{"body":{"nombre":"saddsa","descripcion":"2qasdasd","cantidad":"42","estado":""}}
2025-11-19T17:21:55.823Z | userId:anon | user:anon | ruta:/insumos/1/edit | accion:Actualizar insumo | ip:::1 | datos:{"id":"1","nombre":"saddsa"}
2025-11-19T17:21:56.665Z | userId:anon | user:anon | ruta:/insumos | accion:POST /insumos | ip:::1 | datos:{"body":{"q":""}}
2025-11-19T17:21:56.667Z | userId:anon | user:anon | ruta:/insumos | accion:Buscar insumo | ip:::1 | datos:{"termino":""}
2025-11-19T17:22:14.109Z | userId:anon | user:anon | ruta:/insumos/reportes | accion:POST /insumos/reportes | ip:::1 | datos:{"body":{}}
2025-11-19T17:22:14.142Z | userId:anon | user:anon | ruta:/insumos/reportes | accion:Generar reporte PDF de insumos | ip:::1 | datos:{"totalInsumos":6}
2025-11-19T17:22:36.676Z | userId:anon | user:anon | ruta:/insumos/add | accion:POST /insumos/add | ip:::1 | datos:{"body":{"nombre":"sadasda","descripcion":"dasfsdgdfhdfb","cantidad":"234","unidad":"cm","ubicacion":"1dasfsfv"}}
2025-11-19T17:22:36.682Z | userId:anon | user:anon | ruta:/insumos/add | accion:Crear insumo | ip:::1 | datos:{"nombre":"sadasda"}
2025-11-19T17:22:54.059Z | userId:anon | user:anon | ruta:/users/login | accion:POST /users/login | ip:::1 | datos:{"body":{"email":"c@gmail.com","password":"12345678"}}
2025-11-19T17:22:54.122Z | userId:10 | user:pau | ruta:/users/login | accion:Iniciar sesión | ip:::1 | datos:{"userId":10,"email":"c@gmail.com"}
2025-11-19T17:23:45.378Z | userId:anon | user:anon | ruta:/usosInsumos | accion:POST /usosInsumos | ip:::1 | datos:{"body":{"q":"1"}}
2025-11-19T17:24:59.530Z | userId:anon | user:anon | ruta:/users/login | accion:POST /users/login | ip:::1 | datos:{"body":{"email":"c@gmail.com","password":"12345678"}}
2025-11-19T17:24:59.592Z | userId:10 | user:pau | ruta:/users/login | accion:Iniciar sesión | ip:::1 | datos:{"userId":10,"email":"c@gmail.com"}
2025-11-19T17:25:03.260Z | userId:10 | user:pau | ruta:/usosInsumos | accion:POST /usosInsumos | ip:::1 | datos:{"body":{"q":"ocar"}}
2025-11-19T17:25:05.644Z | userId:10 | user:pau | ruta:/usosInsumos | accion:POST /usosInsumos | ip:::1 | datos:{"body":{"q":"oscar"}}
2025-11-19T17:25:10.061Z | userId:10 | user:pau | ruta:/usosInsumos | accion:POST /usosInsumos | ip:::1 | datos:{"body":{"q":"saddsa"}}
2025-11-19T17:25:12.908Z | userId:10 | user:pau | ruta:/usosInsumos | accion:POST /usosInsumos | ip:::1 | datos:{"body":{"q":"pablo"}}
2025-11-19T17:25:15.308Z | userId:10 | user:pau | ruta:/usosInsumos | accion:POST /usosInsumos | ip:::1 | datos:{"body":{"q":"0"}}
2025-11-19T17:25:17.892Z | userId:10 | user:pau | ruta:/usosInsumos | accion:POST /usosInsumos | ip:::1 | datos:{"body":{"q":"adassfdsgdfgsfdhg"}}
2025-11-19T17:25:20.042Z | userId:10 | user:pau | ruta:/usosInsumos | accion:POST /usosInsumos | ip:::1 | datos:{"body":{"q":""}}
2025-11-19T17:26:56.019Z | userId:10 | user:pau | ruta:/usosInsumos/store | accion:POST /usosInsumos/store | ip:::1 | datos:{"body":{"insumo_id":"4","estudiante_id":"3","profesor_encargado":"Analia","cantidad_usada":"345","descripcion":"sfafaqfas"}}
2025-11-19T17:27:07.903Z | userId:10 | user:pau | ruta:/usosInsumos/store | accion:POST /usosInsumos/store | ip:::1 | datos:{"body":{"insumo_id":"2","estudiante_id":"1","profesor_encargado":"Pablo","cantidad_usada":"51","descripcion":"sadsadasd"}}
2025-11-19T17:27:21.984Z | userId:10 | user:pau | ruta:/usosInsumos/store | accion:POST /usosInsumos/store | ip:::1 | datos:{"body":{"insumo_id":"4","estudiante_id":"1","profesor_encargado":"adsadasd","cantidad_usada":"51","descripcion":"sdadasd"}}
2025-11-19T17:29:04.275Z | userId:10 | user:pau | ruta:/users/profile | accion:POST /users/profile | ip:::1 | datos:{"body":{}}
2025-11-19T17:29:04.275Z | userId:10 | user:pau | ruta:/users/profile | accion:Cerrar sesión | ip:::1 | datos:{"userId":10,"email":"c@gmail.com"}
2025-11-19T17:38:07.904Z | userId:anon | user:anon | ruta:/users/login | accion:POST /users/login | ip:::1 | datos:{"body":{"email":"c@gmail.com","password":"12345678"}}
2025-11-19T17:38:07.960Z | userId:10 | user:pau | ruta:/users/login | accion:Iniciar sesión | ip:::1 | datos:{"userId":10,"email":"c@gmail.com"}
2025-11-19T17:52:35.597Z | userId:anon | user:anon | ruta:/herramientas | accion:Listar herramientas | ip:::1 | datos:{"totalHerramientas":6}
2025-11-19T17:53:20.590Z | userId:anon | user:anon | ruta:/ | accion:Acceder al índice | ip:::1 | datos:{}
2025-11-19T17:56:18.298Z | userId:anon | user:anon | ruta:/ | accion:Acceder al índice | ip:::1 | datos:{}
2025-11-19T17:56:20.079Z | userId:anon | user:anon | ruta:/users/login | accion:POST /users/login | ip:::1 | datos:{"body":{"email":"c@gmail.com","password":"12345678"}}
2025-11-19T17:56:20.137Z | userId:10 | user:pau | ruta:/users/login | accion:Iniciar sesión | ip:::1 | datos:{"userId":10,"email":"c@gmail.com"}
2025-11-19T17:56:20.148Z | userId:10 | user:pau | ruta:/ | accion:Acceder al índice | ip:::1 | datos:{}
2025-11-19T17:56:21.305Z | userId:10 | user:pau | ruta:/ | accion:Acceder al índice | ip:::1 | datos:{}
2025-11-19T17:56:40.200Z | userId:10 | user:pau | ruta:/estudiantes | accion:Listar estudiantes | ip:::1 | datos:{}
2025-11-19T17:56:52.315Z | userId:10 | user:pau | ruta:/herramientas | accion:Listar herramientas | ip:::1 | datos:{"totalHerramientas":6}
2025-11-19T17:57:06.092Z | userId:10 | user:pau | ruta:/prestamos | accion:Listar préstamos | ip:::1 | datos:{}
2025-11-19T17:57:19.534Z | userId:10 | user:pau | ruta:/audit | accion:Listar audit logs | ip:::1 | datos:{"termino":"","pagina":1}
2025-11-19T17:57:35.740Z | userId:10 | user:pau | ruta:/users/ | accion:Listar usuarios | ip:::1 | datos:{"userId":10}
2025-11-19T17:57:44.792Z | userId:10 | user:pau | ruta:/users/ | accion:Listar usuarios | ip:::1 | datos:{"userId":10}
2025-11-19T17:57:45.170Z | userId:10 | user:pau | ruta:/insumos | accion:Acceder a la lista de insumos | ip:::1 | datos:{}
2025-11-19T17:58:06.134Z | userId:10 | user:pau | ruta:/usosInsumos | accion:Acceso a la lista de usos de insumos | ip:::1 | datos:{"totalUsos":5}
2025-11-19T17:58:17.500Z | userId:10 | user:pau | ruta:/users/profile | accion:Ver perfil | ip:::1 | datos:{"userId":10,"email":"c@gmail.com"}
2025-11-19T17:58:32.076Z | userId:10 | user:pau | ruta:/users/profile | accion:POST /users/profile | ip:::1 | datos:{"body":{}}
2025-11-19T17:58:32.077Z | userId:10 | user:pau | ruta:/users/profile | accion:Cerrar sesión | ip:::1 | datos:{"userId":10,"email":"c@gmail.com"}
2025-11-19T17:58:48.185Z | userId:anon | user:anon | ruta:/users/register | accion:Mostrar formulario de registro | ip:::1 | datos:{}
2025-11-19T17:59:05.352Z | userId:anon | user:anon | ruta:/users/recuperar-password | accion:Mostrar formulario de recuperación de contraseña | ip:::1 | datos:{}
2025-11-19T18:00:35.064Z | userId:anon | user:anon | ruta:/users/login | accion:POST /users/login | ip:::1 | datos:{"body":{"email":"c@gmail.com","password":"12345678"}}
2025-11-19T18:00:35.120Z | userId:10 | user:pau | ruta:/users/login | accion:Iniciar sesión | ip:::1 | datos:{"userId":10,"email":"c@gmail.com"}
2025-11-19T18:00:35.130Z | userId:10 | user:pau | ruta:/ | accion:Acceder al índice | ip:::1 | datos:{}
2025-11-19T18:09:36.428Z | userId:anon | user:anon | ruta:/prestamos | accion:Listar préstamos | ip:::1 | datos:{}
2025-11-19T18:09:37.922Z | userId:anon | user:anon | ruta:/users/login | accion:POST /users/login | ip:::1 | datos:{"body":{"email":"c@gmail.com","password":"12345678"}}
2025-11-19T18:09:37.981Z | userId:10 | user:pau | ruta:/users/login | accion:Iniciar sesión | ip:::1 | datos:{"userId":10,"email":"c@gmail.com"}
2025-11-19T18:09:37.992Z | userId:10 | user:pau | ruta:/ | accion:Acceder al índice | ip:::1 | datos:{}
2025-11-19T18:09:39.306Z | userId:10 | user:pau | ruta:/prestamos | accion:Listar préstamos | ip:::1 | datos:{}
2025-11-19T18:09:40.024Z | userId:10 | user:pau | ruta:/prestamos/add | accion:Mostrar formulario de creación de préstamo | ip:::1 | datos:{}
2025-11-19T18:10:06.865Z | userId:10 | user:pau | ruta:/prestamos/add | accion:POST /prestamos/add | ip:::1 | datos:{"body":{"estudiante":"2","herramienta":"2","profesor":"saddsad","cantidad":"4","observaciones":"sadsadasd","fecha_devolucion":"12/11/2004 13:00"}}
2025-11-19T18:11:22.150Z | userId:10 | user:pau | ruta:/prestamos/add | accion:POST /prestamos/add | ip:::1 | datos:{"body":{"estudiante":"2","herramienta":"2","profesor":"saddsad","cantidad":"4","observaciones":"sadsadasd","fecha_devolucion":"12/11/2004 13:00"}}
2025-11-19T18:11:43.071Z | userId:10 | user:pau | ruta:/prestamos/add | accion:POST /prestamos/add | ip:::1 | datos:{"body":{"estudiante":"2","herramienta":"2","profesor":"saddsad","cantidad":"4","observaciones":"sadsadasd","fecha_devolucion":"12/11/2004 13:00"}}
2025-11-19T18:11:59.134Z | userId:10 | user:pau | ruta:/prestamos/add | accion:POST /prestamos/add | ip:::1 | datos:{"body":{"estudiante":"2","herramienta":"2","profesor":"saddsad","cantidad":"4","observaciones":"sadsadasd","fecha_devolucion":"12/11/2004 13:00"}}
2025-11-19T18:13:22.883Z | userId:anon | user:anon | ruta:/prestamos/add | accion:POST /prestamos/add | ip:::1 | datos:{"body":{"estudiante":"2","herramienta":"3","profesor":"Carlos Pablo","cantidad":"4","observaciones":"hhghjhjkhjkkhj","fecha_devolucion":"11/23/2025 12:00"}}
2025-11-19T18:13:22.918Z | userId:anon | user:anon | ruta:/prestamos/add | accion:Crear préstamo | ip:::1 | datos:{"estudiante_id":"2","herramientas_id":"3"}
2025-11-19T18:13:22.928Z | userId:anon | user:anon | ruta:/prestamos | accion:Listar préstamos | ip:::1 | datos:{}
2025-11-19T18:13:26.022Z | userId:anon | user:anon | ruta:/prestamos/add | accion:Mostrar formulario de creación de préstamo | ip:::1 | datos:{}
2025-11-19T18:14:05.688Z | userId:anon | user:anon | ruta:/prestamos/add | accion:Mostrar formulario de creación de préstamo | ip:::1 | datos:{}
2025-11-19T18:14:25.056Z | userId:anon | user:anon | ruta:/prestamos/add | accion:POST /prestamos/add | ip:::1 | datos:{"body":{"estudiante":"1","herramienta":"1","profesor":"saddsad","cantidad":"4","observaciones":"sadsadasd","fecha_devolucion":"12/4/2008 12:00"}}
2025-11-19T18:15:04.032Z | userId:anon | user:anon | ruta:/prestamos/add | accion:POST /prestamos/add | ip:::1 | datos:{"body":{"estudiante":"1","herramienta":"1","profesor":"saddsad","cantidad":"4","observaciones":"sadsadasd","fecha_devolucion":"12/4/2008 12:00"}}
2025-11-19T18:17:38.788Z | userId:anon | user:anon | ruta:/users/login | accion:POST /users/login | ip:::1 | datos:{"body":{"email":"c@gmail.com","password":"12345678"}}
2025-11-19T18:17:38.866Z | userId:10 | user:pau | ruta:/users/login | accion:Iniciar sesión | ip:::1 | datos:{"userId":10,"email":"c@gmail.com"}
2025-11-19T18:17:38.869Z | userId:anon | user:anon | ruta:/users/login | accion:POST /users/login | ip:::1 | datos:{"body":{"email":"c@gmail.com","password":"12345678"}}
2025-11-19T18:17:38.926Z | userId:10 | user:pau | ruta:/users/login | accion:Iniciar sesión | ip:::1 | datos:{"userId":10,"email":"c@gmail.com"}
2025-11-19T18:17:38.952Z | userId:10 | user:pau | ruta:/ | accion:Acceder al índice | ip:::1 | datos:{}
2025-11-19T18:17:39.928Z | userId:10 | user:pau | ruta:/prestamos | accion:Listar préstamos | ip:::1 | datos:{}
2025-11-19T18:17:40.765Z | userId:10 | user:pau | ruta:/prestamos/add | accion:Mostrar formulario de creación de préstamo | ip:::1 | datos:{}
2025-11-19T18:18:06.234Z | userId:10 | user:pau | ruta:/prestamos/add | accion:Mostrar formulario de creación de préstamo | ip:::1 | datos:{}
2025-11-19T18:18:57.727Z | userId:anon | user:anon | ruta:/prestamos/add | accion:Mostrar formulario de creación de préstamo | ip:::1 | datos:{}
2025-11-19T18:19:25.326Z | userId:anon | user:anon | ruta:/prestamos/add | accion:POST /prestamos/add | ip:::1 | datos:{"body":{"estudiante":"1","herramienta":"1","profesor":"Carlos Pablo","cantidad":"4","observaciones":"hhghjhjkhjkkhj","fecha_devolucion":"11/23/2008 12:00"}}
2025-11-19T18:19:41.254Z | userId:anon | user:anon | ruta:/prestamos/add | accion:POST /prestamos/add | ip:::1 | datos:{"body":{"estudiante":"4","herramienta":"1","profesor":"Carlos Pablo","cantidad":"4","observaciones":"hhghjhjkhjkkhj","fecha_devolucion":"11/23/2025 12:00"}}
2025-11-19T18:19:41.263Z | userId:anon | user:anon | ruta:/prestamos/add | accion:Crear préstamo | ip:::1 | datos:{"estudiante_id":"4","herramientas_id":"1"}
2025-11-19T18:19:41.270Z | userId:anon | user:anon | ruta:/prestamos | accion:Listar préstamos | ip:::1 | datos:{}
2025-11-19T18:20:02.311Z | userId:anon | user:anon | ruta:/prestamos/add | accion:Mostrar formulario de creación de préstamo | ip:::1 | datos:{}
2025-11-19T18:21:20.452Z | userId:anon | user:anon | ruta:/prestamos/add | accion:Mostrar formulario de creación de préstamo | ip:::1 | datos:{}
2025-11-19T18:21:29.669Z | userId:anon | user:anon | ruta:/prestamos/add | accion:POST /prestamos/add | ip:::1 | datos:{"body":{"estudiante":"1","herramienta":"2","profesor":"Carlos Pablo","cantidad":"4","observaciones":"hhghjhjkhjkkhj","fecha_devolucion":"9/4/2007 5:43"}}
2025-11-19T18:23:10.745Z | userId:anon | user:anon | ruta:/prestamos | accion:Listar préstamos | ip:::1 | datos:{}
2025-11-19T18:24:22.249Z | userId:anon | user:anon | ruta:/prestamos | accion:Listar préstamos | ip:::1 | datos:{}
2025-11-19T18:24:23.032Z | userId:anon | user:anon | ruta:/prestamos | accion:Listar préstamos | ip:::1 | datos:{}
2025-11-19T18:24:25.591Z | userId:anon | user:anon | ruta:/users/login | accion:POST /users/login | ip:::1 | datos:{"body":{"email":"c@gmail.com","password":"12345678"}}
2025-11-19T18:24:25.654Z | userId:10 | user:pau | ruta:/users/login | accion:Iniciar sesión | ip:::1 | datos:{"userId":10,"email":"c@gmail.com"}
2025-11-19T18:24:25.664Z | userId:10 | user:pau | ruta:/ | accion:Acceder al índice | ip:::1 | datos:{}
2025-11-19T18:24:27.627Z | userId:10 | user:pau | ruta:/prestamos | accion:Listar préstamos | ip:::1 | datos:{}
2025-11-19T18:24:47.577Z | userId:10 | user:pau | ruta:/prestamos | accion:Listar préstamos | ip:::1 | datos:{}
2025-11-19T18:24:56.448Z | userId:10 | user:pau | ruta:/prestamos | accion:Listar préstamos | ip:::1 | datos:{}
2025-11-19T18:25:33.569Z | userId:10 | user:pau | ruta:/prestamos | accion:Listar préstamos | ip:::1 | datos:{}
2025-11-19T18:25:34.360Z | userId:10 | user:pau | ruta:/prestamos | accion:Listar préstamos | ip:::1 | datos:{}
2025-11-19T18:31:45.867Z | userId:anon | user:anon | ruta:/prestamos | accion:Listar préstamos | ip:::1 | datos:{}
2025-11-19T18:31:56.504Z | userId:anon | user:anon | ruta:/prestamos | accion:Listar préstamos | ip:::1 | datos:{}
2025-11-19T18:34:17.169Z | userId:anon | user:anon | ruta:/prestamos | accion:Listar préstamos | ip:::1 | datos:{}
2025-11-19T18:34:17.238Z | userId:anon | user:anon | ruta:/prestamos | accion:Listar préstamos | ip:::1 | datos:{}
2025-11-19T18:34:35.425Z | userId:anon | user:anon | ruta:/prestamos | accion:Listar préstamos | ip:::1 | datos:{}
2025-11-19T18:34:58.303Z | userId:anon | user:anon | ruta:/prestamos | accion:Listar préstamos | ip:::1 | datos:{}
2025-11-19T18:36:12.705Z | userId:anon | user:anon | ruta:/prestamos | accion:Listar préstamos | ip:::1 | datos:{}
2025-11-19T18:36:52.426Z | userId:anon | user:anon | ruta:/prestamos | accion:Listar préstamos | ip:::1 | datos:{}
2025-11-19T18:36:52.992Z | userId:anon | user:anon | ruta:/prestamos | accion:Listar préstamos | ip:::1 | datos:{}
2025-11-19T18:37:31.409Z | userId:anon | user:anon | ruta:/users/login | accion:POST /users/login | ip:::1 | datos:{"body":{"email":"c@gmail.com","password":"12345678"}}
2025-11-19T18:37:31.490Z | userId:10 | user:pau | ruta:/users/login | accion:Iniciar sesión | ip:::1 | datos:{"userId":10,"email":"c@gmail.com"}
2025-11-19T18:37:31.522Z | userId:10 | user:pau | ruta:/ | accion:Acceder al índice | ip:::1 | datos:{}
2025-11-19T18:37:32.172Z | userId:10 | user:pau | ruta:/prestamos | accion:Listar préstamos | ip:::1 | datos:{}
2025-11-19T18:41:17.450Z | userId:anon | user:anon | ruta:/ | accion:Acceder al índice | ip:::1 | datos:{}
2025-11-19T18:41:19.282Z | userId:anon | user:anon | ruta:/users/login | accion:POST /users/login | ip:::1 | datos:{"body":{"email":"c@gmail.com","password":"12345678"}}
2025-11-19T18:41:19.343Z | userId:10 | user:pau | ruta:/users/login | accion:Iniciar sesión | ip:::1 | datos:{"userId":10,"email":"c@gmail.com"}
2025-11-19T18:41:19.354Z | userId:10 | user:pau | ruta:/ | accion:Acceder al índice | ip:::1 | datos:{}
2025-11-19T18:41:20.176Z | userId:10 | user:pau | ruta:/prestamos | accion:Listar préstamos | ip:::1 | datos:{}
2025-11-19T18:42:51.518Z | userId:10 | user:pau | ruta:/prestamos | accion:Listar préstamos | ip:::1 | datos:{}
2025-11-19T18:43:40.223Z | userId:anon | user:anon | ruta:/prestamos | accion:Listar préstamos | ip:::1 | datos:{}
2025-11-19T18:43:45.160Z | userId:anon | user:anon | ruta:/prestamos | accion:POST /prestamos | ip:::1 | datos:{"body":{"q":"0"}}
2025-11-19T18:43:45.165Z | userId:anon | user:anon | ruta:/prestamos | accion:Buscar préstamos | ip:::1 | datos:{"terminoBusqueda":"0","resultadosEncontrados":9}
2025-11-19T18:44:55.944Z | userId:anon | user:anon | ruta:/prestamos | accion:POST /prestamos | ip:::1 | datos:{"body":{"q":"0"}}
2025-11-19T18:44:55.977Z | userId:anon | user:anon | ruta:/prestamos | accion:Buscar préstamos | ip:::1 | datos:{"terminoBusqueda":"0","resultadosEncontrados":9}
2025-11-19T18:44:59.721Z | userId:anon | user:anon | ruta:/prestamos | accion:POST /prestamos | ip:::ffff:127.0.0.1 | datos:{"body":{"q":"0"}}
2025-11-19T18:44:59.726Z | userId:anon | user:anon | ruta:/prestamos | accion:Buscar préstamos | ip:::ffff:127.0.0.1 | datos:{"terminoBusqueda":"0","resultadosEncontrados":9}
2025-11-19T18:45:05.714Z | userId:anon | user:anon | ruta:/prestamos | accion:POST /prestamos | ip:::1 | datos:{"body":{"q":"1"}}
2025-11-19T18:45:05.720Z | userId:anon | user:anon | ruta:/prestamos | accion:Buscar préstamos | ip:::1 | datos:{"terminoBusqueda":"1","resultadosEncontrados":4}
2025-11-19T18:45:41.237Z | userId:anon | user:anon | ruta:/prestamos | accion:POST /prestamos | ip:::1 | datos:{"body":{"q":""}}
2025-11-19T18:45:41.244Z | userId:anon | user:anon | ruta:/prestamos | accion:Buscar préstamos | ip:::1 | datos:{"terminoBusqueda":"","resultadosEncontrados":10}
2025-11-19T18:45:43.298Z | userId:anon | user:anon | ruta:/users/login | accion:POST /users/login | ip:::1 | datos:{"body":{"email":"c@gmail.com","password":"12345678"}}
2025-11-19T18:45:43.358Z | userId:10 | user:pau | ruta:/users/login | accion:Iniciar sesión | ip:::1 | datos:{"userId":10,"email":"c@gmail.com"}
2025-11-19T18:45:43.369Z | userId:10 | user:pau | ruta:/ | accion:Acceder al índice | ip:::1 | datos:{}
2025-11-19T18:45:48.210Z | userId:10 | user:pau | ruta:/prestamos | accion:Listar préstamos | ip:::1 | datos:{}
2025-11-19T18:45:49.228Z | userId:10 | user:pau | ruta:/ | accion:Acceder al índice | ip:::1 | datos:{}
2025-11-19T18:45:56.794Z | userId:10 | user:pau | ruta:/prestamos | accion:Listar préstamos | ip:::1 | datos:{}
2025-11-19T18:47:25.873Z | userId:anon | user:anon | ruta:/ | accion:Acceder al índice | ip:::1 | datos:{}
2025-11-19T18:47:47.927Z | userId:anon | user:anon | ruta:/ | accion:Acceder al índice | ip:::1 | datos:{}
2025-11-19T18:47:53.061Z | userId:anon | user:anon | ruta:/users/login | accion:POST /users/login | ip:::1 | datos:{"body":{"email":"c@gmail.com","password":"12345678"}}
2025-11-19T18:47:53.122Z | userId:10 | user:pau | ruta:/users/login | accion:Iniciar sesión | ip:::1 | datos:{"userId":10,"email":"c@gmail.com"}
2025-11-19T18:47:53.135Z | userId:10 | user:pau | ruta:/ | accion:Acceder al índice | ip:::1 | datos:{}
2025-11-19T18:47:55.188Z | userId:10 | user:pau | ruta:/prestamos | accion:Listar préstamos | ip:::1 | datos:{}
2025-11-19T18:48:00.661Z | userId:10 | user:pau | ruta:/prestamos/8/editar | accion:Mostrar formulario de edición de préstamo | ip:::1 | datos:{"id":8,"estudiante_id":1,"herramientas_id":2}
2025-11-19T18:49:09.434Z | userId:anon | user:anon | ruta:/prestamos/8/editar | accion:POST /prestamos/8/editar | ip:::1 | datos:{"body":{"alumno_id":"1","herramienta":"2","cantidad":"5","profesor":"Carlos Pablo","fecha_prestamo":"    Fri Mar 09 2018 18:18:36 GMT-0300 (hora estándar de Argentina)","fecha_devolucion_estimada":"    Tue Sep 04 2007 05:43:00 GMT-0300 (hora estándar de Argentina)","estado":"Pendiente"}}
2025-11-19T18:49:09.469Z | userId:anon | user:anon | ruta:/prestamos/8/editar | accion:Actualizar préstamo | ip:::1 | datos:{"id":"8","estudiante_id":"1","herramientas_id":"2"}
2025-11-19T18:49:09.481Z | userId:anon | user:anon | ruta:/prestamos | accion:Listar préstamos | ip:::1 | datos:{}
2025-11-19T18:49:12.205Z | userId:anon | user:anon | ruta:/users/login | accion:POST /users/login | ip:::1 | datos:{"body":{"email":"c@gmail.com","password":"12345678"}}
2025-11-19T18:49:12.265Z | userId:10 | user:pau | ruta:/users/login | accion:Iniciar sesión | ip:::1 | datos:{"userId":10,"email":"c@gmail.com"}
2025-11-19T18:49:12.280Z | userId:10 | user:pau | ruta:/ | accion:Acceder al índice | ip:::1 | datos:{}
2025-11-19T18:49:13.813Z | userId:10 | user:pau | ruta:/prestamos | accion:Listar préstamos | ip:::1 | datos:{}
2025-11-19T18:49:18.133Z | userId:10 | user:pau | ruta:/prestamos/8/editar | accion:Mostrar formulario de edición de préstamo | ip:::1 | datos:{"id":8,"estudiante_id":1,"herramientas_id":2}
2025-11-19T18:50:14.259Z | userId:anon | user:anon | ruta:/prestamos/8/editar | accion:Mostrar formulario de edición de préstamo | ip:::1 | datos:{"id":8,"estudiante_id":1,"herramientas_id":2}
2025-11-19T18:50:18.015Z | userId:anon | user:anon | ruta:/prestamos/8/editar | accion:POST /prestamos/8/editar | ip:::1 | datos:{"body":{"alumno_id":"1","herramienta":"2","cantidad":"5","profesor":"Carlos Pablo","fecha_prestamo":"    Fri Mar 09 2017 18:18:36 GMT-0300 (hora estándar de Argentina)","fecha_devolucion_estimada":"    Tue Sep 04 2007 05:43:00 GMT-0300 (hora estándar de Argentina)","estado":"Pendiente"}}
2025-11-19T18:50:18.031Z | userId:anon | user:anon | ruta:/prestamos/8/editar | accion:Actualizar préstamo | ip:::1 | datos:{"id":"8","estudiante_id":"1","herramientas_id":"2"}
2025-11-19T18:50:18.040Z | userId:anon | user:anon | ruta:/prestamos | accion:Listar préstamos | ip:::1 | datos:{}
2025-11-19T18:50:23.157Z | userId:anon | user:anon | ruta:/users/login | accion:POST /users/login | ip:::1 | datos:{"body":{"email":"c@gmail.com","password":"12345678"}}
2025-11-19T18:50:23.216Z | userId:10 | user:pau | ruta:/users/login | accion:Iniciar sesión | ip:::1 | datos:{"userId":10,"email":"c@gmail.com"}
2025-11-19T18:50:23.229Z | userId:10 | user:pau | ruta:/ | accion:Acceder al índice | ip:::1 | datos:{}
2025-11-19T18:50:27.701Z | userId:10 | user:pau | ruta:/prestamos | accion:Listar préstamos | ip:::1 | datos:{}
2025-11-19T18:50:44.167Z | userId:10 | user:pau | ruta:/prestamos/8/editar | accion:Mostrar formulario de edición de préstamo | ip:::1 | datos:{"id":8,"estudiante_id":1,"herramientas_id":2}
2025-11-19T18:52:03.127Z | userId:10 | user:pau | ruta:/prestamos/8/editar | accion:POST /prestamos/8/editar | ip:::1 | datos:{"body":{"alumno_id":"1","herramienta":"2","cantidad":"5","profesor":"Carlos Pablo","fecha_prestamo":"    Thu Mar 09 2007 18:18:36 GMT-0300 (hora estándar de Argentina)","fecha_devolucion_estimada":"    Tue Sep 04 20010 05:43:00 GMT-0300 (hora estándar de Argentina)","estado":"Pendiente"}}
2025-11-19T18:52:03.135Z | userId:10 | user:pau | ruta:/prestamos/8/editar | accion:Actualizar préstamo | ip:::1 | datos:{"id":"8","estudiante_id":"1","herramientas_id":"2"}
2025-11-19T18:52:03.142Z | userId:10 | user:pau | ruta:/prestamos | accion:Listar préstamos | ip:::1 | datos:{}
2025-11-19T18:52:12.852Z | userId:10 | user:pau | ruta:/prestamos | accion:Listar préstamos | ip:::1 | datos:{}
2025-11-19T18:52:17.053Z | userId:10 | user:pau | ruta:/prestamos/8/editar | accion:Mostrar formulario de edición de préstamo | ip:::1 | datos:{"id":8,"estudiante_id":1,"herramientas_id":2}
2025-11-19T18:52:34.895Z | userId:10 | user:pau | ruta:/prestamos/8/editar | accion:POST /prestamos/8/editar | ip:::1 | datos:{"body":{"alumno_id":"1","herramienta":"2","cantidad":"5","profesor":"Carlos Pablo","fecha_prestamo":"    Fri Mar 09 2007 18:18:36 GMT-0300 (hora estándar de Argentina)","fecha_devolucion_estimada":"11/9/2018 12:00","estado":"Pendiente"}}
2025-11-19T18:52:34.904Z | userId:10 | user:pau | ruta:/prestamos/8/editar | accion:Actualizar préstamo | ip:::1 | datos:{"id":"8","estudiante_id":"1","herramientas_id":"2"}
2025-11-19T18:52:34.911Z | userId:10 | user:pau | ruta:/prestamos | accion:Listar préstamos | ip:::1 | datos:{}
2025-11-19T18:56:27.767Z | userId:10 | user:pau | ruta:/prestamos | accion:Listar préstamos | ip:::1 | datos:{}
2025-11-19T18:56:29.091Z | userId:10 | user:pau | ruta:/ | accion:Acceder al índice | ip:::1 | datos:{}
2025-11-19T18:56:30.166Z | userId:10 | user:pau | ruta:/estudiantes | accion:Listar estudiantes | ip:::1 | datos:{}
2025-11-19T18:56:31.352Z | userId:10 | user:pau | ruta:/prestamos | accion:Listar préstamos | ip:::1 | datos:{}
2025-11-19T18:56:42.295Z | userId:10 | user:pau | ruta:/prestamos | accion:Listar préstamos | ip:::1 | datos:{}
2025-11-20T02:21:57.735Z | userId:anon | user:anon | ruta:/prestamos | accion:Listar préstamos | ip:::1 | datos:{}
2025-11-20T02:22:55.854Z | userId:anon | user:anon | ruta:/ | accion:Acceder al índice | ip:::1 | datos:{}
2025-11-20T02:22:56.215Z | userId:anon | user:anon | ruta:/ | accion:Acceder al índice | ip:::1 | datos:{}
2025-11-20T02:24:21.915Z | userId:anon | user:anon | ruta:/ | accion:Acceder al índice | ip:::1 | datos:{}
2025-11-20T02:24:26.858Z | userId:anon | user:anon | ruta:/users/login | accion:POST /users/login | ip:::1 | datos:{"body":{"email":"c@gmail.com","password":"12345678"}}
2025-11-20T02:24:26.917Z | userId:10 | user:pau | ruta:/users/login | accion:Iniciar sesión | ip:::1 | datos:{"userId":10,"email":"c@gmail.com"}
2025-11-20T02:24:26.929Z | userId:10 | user:pau | ruta:/ | accion:Acceder al índice | ip:::1 | datos:{}
2025-11-20T02:24:30.911Z | userId:10 | user:pau | ruta:/ | accion:Acceder al índice | ip:::1 | datos:{}
2025-11-20T02:24:31.452Z | userId:10 | user:pau | ruta:/estudiantes | accion:Listar estudiantes | ip:::1 | datos:{}
2025-11-20T02:24:31.886Z | userId:10 | user:pau | ruta:/herramientas | accion:Listar herramientas | ip:::1 | datos:{"totalHerramientas":6}
2025-11-20T02:24:32.342Z | userId:10 | user:pau | ruta:/prestamos | accion:Listar préstamos | ip:::1 | datos:{}
2025-11-20T02:25:11.477Z | userId:10 | user:pau | ruta:/prestamos | accion:Listar préstamos | ip:::1 | datos:{}
2025-11-20T02:25:15.783Z | userId:10 | user:pau | ruta:/users/ | accion:Listar usuarios | ip:::1 | datos:{"userId":10}
2025-11-20T02:35:33.806Z | userId:anon | user:anon | ruta:/ | accion:Acceder al índice | ip:::1 | datos:{}
2025-11-20T02:35:35.474Z | userId:anon | user:anon | ruta:/users/login | accion:POST /users/login | ip:::1 | datos:{"body":{"email":"c@gmail.com","password":"12345678"}}
2025-11-20T02:35:35.532Z | userId:10 | user:pau | ruta:/users/login | accion:Iniciar sesión | ip:::1 | datos:{"userId":10,"email":"c@gmail.com"}
2025-11-20T02:35:35.543Z | userId:10 | user:pau | ruta:/ | accion:Acceder al índice | ip:::1 | datos:{}
2025-11-20T02:35:36.529Z | userId:10 | user:pau | ruta:/audit | accion:Listar audit logs | ip:::1 | datos:{"termino":"","pagina":1}
2025-11-20T02:35:37.702Z | userId:10 | user:pau | ruta:/users/ | accion:Listar usuarios | ip:::1 | datos:{"userId":10}
2025-11-20T02:35:46.307Z | userId:10 | user:pau | ruta:/users/ | accion:Listar usuarios | ip:::1 | datos:{"userId":10}
2025-11-20T02:35:57.541Z | userId:10 | user:pau | ruta:/users/ | accion:Listar usuarios | ip:::1 | datos:{"userId":10}
2025-11-20T02:36:04.102Z | userId:10 | user:pau | ruta:/audit | accion:Listar audit logs | ip:::1 | datos:{"termino":"","pagina":1}
2025-11-20T02:36:04.990Z | userId:10 | user:pau | ruta:/users/ | accion:Listar usuarios | ip:::1 | datos:{"userId":10}
2025-11-20T02:36:37.118Z | userId:anon | user:anon | ruta:/prestamos | accion:Listar préstamos | ip:::1 | datos:{}
2025-11-20T02:36:39.026Z | userId:anon | user:anon | ruta:/users/login | accion:POST /users/login | ip:::1 | datos:{"body":{"email":"c@gmail.com","password":"12345678"}}
2025-11-20T02:36:39.083Z | userId:10 | user:pau | ruta:/users/login | accion:Iniciar sesión | ip:::1 | datos:{"userId":10,"email":"c@gmail.com"}
2025-11-20T02:36:39.095Z | userId:10 | user:pau | ruta:/ | accion:Acceder al índice | ip:::1 | datos:{}
2025-11-20T02:36:40.574Z | userId:10 | user:pau | ruta:/prestamos | accion:Listar préstamos | ip:::1 | datos:{}
2025-11-20T02:36:41.478Z | userId:10 | user:pau | ruta:/audit | accion:Listar audit logs | ip:::1 | datos:{"termino":"","pagina":1}
2025-11-20T02:36:42.855Z | userId:10 | user:pau | ruta:/users/ | accion:Listar usuarios | ip:::1 | datos:{"userId":10}
2025-11-20T02:39:35.931Z | userId:anon | user:anon | ruta:/herramientas | accion:Listar herramientas | ip:::1 | datos:{"totalHerramientas":6}
2025-11-20T02:39:37.647Z | userId:anon | user:anon | ruta:/users/login | accion:POST /users/login | ip:::1 | datos:{"body":{"email":"c@gmail.com","password":"12345678"}}
2025-11-20T02:39:37.708Z | userId:10 | user:pau | ruta:/users/login | accion:Iniciar sesión | ip:::1 | datos:{"userId":10,"email":"c@gmail.com"}
2025-11-20T02:39:37.730Z | userId:10 | user:pau | ruta:/ | accion:Acceder al índice | ip:::1 | datos:{}
2025-11-20T02:39:38.537Z | userId:10 | user:pau | ruta:/users/ | accion:Listar usuarios | ip:::1 | datos:{"userId":10}
2025-11-20T02:44:41.656Z | userId:anon | user:anon | ruta:/users/3/eliminar | accion:DELETE /users/3/eliminar | ip:::1 | datos:{}
2025-11-20T02:44:41.681Z | userId:anon | user:anon | ruta:/users/3/eliminar | accion:Programar eliminación de usuario | ip:::1 | datos:{"userId":3,"email":"a@gmail.com","fecha_eliminacion":"2025-11-22T02:44:41.681Z"}
2025-11-20T02:44:46.733Z | userId:anon | user:anon | ruta:/audit | accion:Listar audit logs | ip:::1 | datos:{"termino":"","pagina":1}
2025-11-20T02:44:48.140Z | userId:anon | user:anon | ruta:/users/login | accion:POST /users/login | ip:::1 | datos:{"body":{"email":"c@gmail.com","password":"12345678"}}
2025-11-20T02:44:48.195Z | userId:10 | user:pau | ruta:/users/login | accion:Iniciar sesión | ip:::1 | datos:{"userId":10,"email":"c@gmail.com"}
2025-11-20T02:44:48.209Z | userId:10 | user:pau | ruta:/ | accion:Acceder al índice | ip:::1 | datos:{}
2025-11-20T02:44:48.788Z | userId:10 | user:pau | ruta:/users/ | accion:Listar usuarios | ip:::1 | datos:{"userId":10}
2025-11-20T02:45:29.243Z | userId:10 | user:pau | ruta:/users/ | accion:Listar usuarios | ip:::1 | datos:{"userId":10}
2025-11-20T02:45:30.426Z | userId:10 | user:pau | ruta:/users/ | accion:Listar usuarios | ip:::1 | datos:{"userId":10}
2025-11-20T02:45:31.134Z | userId:10 | user:pau | ruta:/audit | accion:Listar audit logs | ip:::1 | datos:{"termino":"","pagina":1}
2025-11-20T02:45:31.949Z | userId:10 | user:pau | ruta:/users/ | accion:Listar usuarios | ip:::1 | datos:{"userId":10}
2025-11-20T02:46:33.457Z | userId:anon | user:anon | ruta:/ | accion:Acceder al índice | ip:::1 | datos:{}
2025-11-20T02:46:34.827Z | userId:anon | user:anon | ruta:/users/login | accion:POST /users/login | ip:::1 | datos:{"body":{"email":"c@gmail.com","password":"12345678"}}
2025-11-20T02:46:34.883Z | userId:10 | user:pau | ruta:/users/login | accion:Iniciar sesión | ip:::1 | datos:{"userId":10,"email":"c@gmail.com"}
2025-11-20T02:46:34.894Z | userId:10 | user:pau | ruta:/ | accion:Acceder al índice | ip:::1 | datos:{}
2025-11-20T02:46:36.078Z | userId:10 | user:pau | ruta:/users/ | accion:Listar usuarios | ip:::1 | datos:{"userId":10}
2025-11-20T02:47:03.467Z | userId:anon | user:anon | ruta:/estudiantes | accion:Listar estudiantes | ip:::1 | datos:{}
2025-11-20T02:47:04.928Z | userId:anon | user:anon | ruta:/users/login | accion:POST /users/login | ip:::1 | datos:{"body":{"email":"c@gmail.com","password":"12345678"}}
2025-11-20T02:47:04.984Z | userId:10 | user:pau | ruta:/users/login | accion:Iniciar sesión | ip:::1 | datos:{"userId":10,"email":"c@gmail.com"}
2025-11-20T02:47:05.009Z | userId:10 | user:pau | ruta:/ | accion:Acceder al índice | ip:::1 | datos:{}
2025-11-20T02:47:14.866Z | userId:anon | user:anon | ruta:/prestamos | accion:Listar préstamos | ip:::1 | datos:{}
2025-11-20T02:47:16.712Z | userId:anon | user:anon | ruta:/users/login | accion:POST /users/login | ip:::1 | datos:{"body":{"email":"c@gmail.com","password":"12345678"}}
2025-11-20T02:47:16.769Z | userId:10 | user:pau | ruta:/users/login | accion:Iniciar sesión | ip:::1 | datos:{"userId":10,"email":"c@gmail.com"}
2025-11-20T02:47:16.781Z | userId:10 | user:pau | ruta:/ | accion:Acceder al índice | ip:::1 | datos:{}
2025-11-20T02:47:50.597Z | userId:anon | user:anon | ruta:/herramientas | accion:Listar herramientas | ip:::1 | datos:{"totalHerramientas":6}
2025-11-20T02:47:52.047Z | userId:anon | user:anon | ruta:/users/login | accion:POST /users/login | ip:::1 | datos:{"body":{"email":"c@gmail.com","password":"12345678"}}
2025-11-20T02:47:52.104Z | userId:10 | user:pau | ruta:/users/login | accion:Iniciar sesión | ip:::1 | datos:{"userId":10,"email":"c@gmail.com"}
2025-11-20T02:47:52.128Z | userId:10 | user:pau | ruta:/ | accion:Acceder al índice | ip:::1 | datos:{}
2025-11-20T02:47:52.927Z | userId:10 | user:pau | ruta:/users/ | accion:Listar usuarios | ip:::1 | datos:{"userId":10}
2025-11-20T02:48:28.199Z | userId:10 | user:pau | ruta:/users/profile | accion:Ver perfil | ip:::1 | datos:{"userId":10,"email":"c@gmail.com"}
2025-11-20T02:48:29.534Z | userId:10 | user:pau | ruta:/users/ | accion:Listar usuarios | ip:::1 | datos:{"userId":10}
2025-11-20T02:48:35.780Z | userId:10 | user:pau | ruta:/users/ | accion:Listar usuarios | ip:::1 | datos:{"userId":10}
2025-11-20T02:48:49.982Z | userId:10 | user:pau | ruta:/users/ | accion:Listar usuarios | ip:::1 | datos:{"userId":10}
2025-11-20T02:48:50.786Z | userId:10 | user:pau | ruta:/users/ | accion:Listar usuarios | ip:::1 | datos:{"userId":10}
2025-11-20T02:49:39.477Z | userId:10 | user:pau | ruta:/users/ | accion:Listar usuarios | ip:::1 | datos:{"userId":10}
2025-11-20T02:51:54.719Z | userId:10 | user:pau | ruta:/users/ | accion:Listar usuarios | ip:::1 | datos:{"userId":10}
2025-11-20T02:51:59.099Z | userId:10 | user:pau | ruta:/users/eliminar-definitivo/2 | accion:POST /users/eliminar-definitivo/2 | ip:::1 | datos:{"body":{}}
2025-11-20T02:51:59.103Z | userId:10 | user:pau | ruta:/users/eliminar-definitivo/2 | accion:Eliminar usuario definitivamente | ip:::1 | datos:{"userId":2,"email":"roberto@gmail.com"}
2025-11-20T02:52:07.241Z | userId:10 | user:pau | ruta:/users/eliminar-definitivo/2 | accion:POST /users/eliminar-definitivo/2 | ip:::1 | datos:{"body":{}}
2025-11-20T02:52:10.149Z | userId:10 | user:pau | ruta:/users/ | accion:Listar usuarios | ip:::1 | datos:{"userId":10}
2025-11-24T15:07:38.456Z | userId:anon | user:anon | ruta:/ | accion:Acceder al índice | ip:::1 | datos:{}
2025-11-24T15:07:46.303Z | userId:anon | user:anon | ruta:/users/login | accion:POST /users/login | ip:::1 | datos:{"body":{"email":"c@gmail.com","password":"12345678"}}
2025-11-24T15:07:46.360Z | userId:10 | user:pau | ruta:/users/login | accion:Iniciar sesión | ip:::1 | datos:{"userId":10,"email":"c@gmail.com"}
2025-11-24T15:08:15.187Z | userId:anon | user:anon | ruta:/users/login | accion:POST /users/login | ip:::1 | datos:{"body":{"email":"c@gmail.com","password":"12345678"}}
2025-11-24T15:08:15.237Z | userId:10 | user:pau | ruta:/users/login | accion:Iniciar sesión | ip:::1 | datos:{"userId":10,"email":"c@gmail.com"}
2025-11-24T15:08:36.354Z | userId:anon | user:anon | ruta:/users/login | accion:POST /users/login | ip:::1 | datos:{"body":{"email":"c@gmail.com","password":"12345678"}}
2025-11-24T15:08:36.403Z | userId:10 | user:pau | ruta:/users/login | accion:Iniciar sesión | ip:::1 | datos:{"userId":10,"email":"c@gmail.com"}
2025-11-24T15:08:37.470Z | userId:anon | user:anon | ruta:/users/login | accion:POST /users/login | ip:::1 | datos:{"body":{"email":"c@gmail.com","password":"12345678"}}
2025-11-24T15:08:38.016Z | userId:anon | user:anon | ruta:/users/recuperar-password | accion:Mostrar formulario de recuperación de contraseña | ip:::1 | datos:{}
2025-11-24T15:08:38.841Z | userId:anon | user:anon | ruta:/users/recuperar-password | accion:Mostrar formulario de recuperación de contraseña | ip:::1 | datos:{}
2025-11-24T15:08:43.738Z | userId:anon | user:anon | ruta:/users/register | accion:Mostrar formulario de registro | ip:::1 | datos:{}
2025-11-24T15:08:44.808Z | userId:anon | user:anon | ruta:/users/register | accion:Mostrar formulario de registro | ip:::1 | datos:{}
2025-11-24T15:08:45.369Z | userId:anon | user:anon | ruta:/users/register | accion:Mostrar formulario de registro | ip:::1 | datos:{}
2025-11-24T15:08:45.592Z | userId:anon | user:anon | ruta:/users/register | accion:Mostrar formulario de registro | ip:::1 | datos:{}
2025-11-24T15:08:45.769Z | userId:anon | user:anon | ruta:/users/register | accion:Mostrar formulario de registro | ip:::1 | datos:{}
2025-11-24T15:08:45.928Z | userId:anon | user:anon | ruta:/users/register | accion:Mostrar formulario de registro | ip:::1 | datos:{}
2025-11-24T15:08:46.090Z | userId:anon | user:anon | ruta:/users/register | accion:Mostrar formulario de registro | ip:::1 | datos:{}
2025-11-24T15:08:53.771Z | userId:anon | user:anon | ruta:/users/register | accion:Mostrar formulario de registro | ip:::1 | datos:{}
2025-11-24T15:08:56.327Z | userId:anon | user:anon | ruta:/users/register | accion:Mostrar formulario de registro | ip:::1 | datos:{}
2025-11-24T15:09:02.878Z | userId:anon | user:anon | ruta:/users/login | accion:POST /users/login | ip:::1 | datos:{"body":{"email":"c@gmail.com","password":"12345678"}}
2025-11-24T15:09:02.942Z | userId:10 | user:pau | ruta:/users/login | accion:Iniciar sesión | ip:::1 | datos:{"userId":10,"email":"c@gmail.com"}
2025-11-24T15:09:21.072Z | userId:anon | user:anon | ruta:/users/register | accion:Mostrar formulario de registro | ip:::1 | datos:{}
2025-11-24T15:09:22.569Z | userId:anon | user:anon | ruta:/users/register | accion:Mostrar formulario de registro | ip:::1 | datos:{}
2025-11-24T15:09:23.089Z | userId:anon | user:anon | ruta:/users/register | accion:Mostrar formulario de registro | ip:::1 | datos:{}
2025-11-24T15:09:23.392Z | userId:anon | user:anon | ruta:/users/register | accion:Mostrar formulario de registro | ip:::1 | datos:{}
2025-11-24T15:09:23.577Z | userId:anon | user:anon | ruta:/users/register | accion:Mostrar formulario de registro | ip:::1 | datos:{}
2025-11-24T15:09:23.737Z | userId:anon | user:anon | ruta:/users/register | accion:Mostrar formulario de registro | ip:::1 | datos:{}
2025-11-24T15:09:23.905Z | userId:anon | user:anon | ruta:/users/register | accion:Mostrar formulario de registro | ip:::1 | datos:{}
2025-11-24T15:09:24.073Z | userId:anon | user:anon | ruta:/users/register | accion:Mostrar formulario de registro | ip:::1 | datos:{}
2025-11-24T15:10:03.327Z | userId:anon | user:anon | ruta:/users/register | accion:Mostrar formulario de registro | ip:::1 | datos:{}
2025-11-24T15:10:07.846Z | userId:anon | user:anon | ruta:/users/login | accion:POST /users/login | ip:::1 | datos:{"body":{"email":"c@gmail.com","password":"12345678"}}
2025-11-24T15:10:07.907Z | userId:10 | user:pau | ruta:/users/login | accion:Iniciar sesión | ip:::1 | datos:{"userId":10,"email":"c@gmail.com"}
2025-11-24T15:10:34.978Z | userId:anon | user:anon | ruta:/ | accion:Acceder al índice | ip:::ffff:127.0.0.1 | datos:{}
2025-11-24T15:10:40.208Z | userId:anon | user:anon | ruta:/ | accion:POST / | ip:::1 | datos:{"body":{"q":"11"}}
2025-11-24T15:10:40.214Z | userId:anon | user:anon | ruta:/ | accion:Búsqueda en el índice | ip:::1 | datos:{"termino":"11"}
2025-11-24T15:10:53.380Z | userId:anon | user:anon | ruta:/ | accion:POST / | ip:::1 | datos:{"body":{"q":"Laime"}}
2025-11-24T15:14:35.657Z | userId:anon | user:anon | ruta:/ | accion:POST / | ip:::1 | datos:{"body":{"q":"Laime"}}
2025-11-24T15:14:48.112Z | userId:anon | user:anon | ruta:/ | accion:POST / | ip:::1 | datos:{"body":{"q":"Laime"}}
2025-11-24T15:14:48.301Z | userId:anon | user:anon | ruta:/ | accion:Búsqueda en el índice | ip:::1 | datos:{"termino":"Laime"}
2025-11-24T15:15:13.698Z | userId:anon | user:anon | ruta:/ | accion:POST / | ip:::1 | datos:{"body":{"q":"10"}}
2025-11-24T15:15:13.710Z | userId:anon | user:anon | ruta:/ | accion:Búsqueda en el índice | ip:::1 | datos:{"termino":"10"}
2025-11-24T15:15:16.251Z | userId:anon | user:anon | ruta:/ | accion:POST / | ip:::1 | datos:{"body":{"q":""}}
2025-11-24T15:15:16.254Z | userId:anon | user:anon | ruta:/ | accion:Búsqueda en el índice | ip:::1 | datos:{"termino":""}
2025-11-24T15:15:23.034Z | userId:anon | user:anon | ruta:/users/login | accion:POST /users/login | ip:::1 | datos:{"body":{"email":"c@gmail.com","password":"12345678"}}
2025-11-24T15:15:23.091Z | userId:10 | user:pau | ruta:/users/login | accion:Iniciar sesión | ip:::1 | datos:{"userId":10,"email":"c@gmail.com"}
2025-11-24T15:15:23.104Z | userId:10 | user:pau | ruta:/ | accion:Acceder al índice | ip:::1 | datos:{}
2025-11-24T15:16:01.082Z | userId:10 | user:pau | ruta:/prestamos | accion:Listar préstamos | ip:::1 | datos:{}
2025-11-24T15:16:09.530Z | userId:10 | user:pau | ruta:/ | accion:Acceder al índice | ip:::1 | datos:{}
2025-11-24T15:19:16.211Z | userId:10 | user:pau | ruta:/ | accion:Acceder al índice | ip:::1 | datos:{}
2025-11-24T15:19:17.106Z | userId:10 | user:pau | ruta:/ | accion:Acceder al índice | ip:::1 | datos:{}
2025-11-24T15:19:18.249Z | userId:10 | user:pau | ruta:/ | accion:Acceder al índice | ip:::1 | datos:{}
2025-11-24T15:19:18.544Z | userId:10 | user:pau | ruta:/ | accion:Acceder al índice | ip:::1 | datos:{}
2025-11-24T15:19:18.897Z | userId:10 | user:pau | ruta:/ | accion:Acceder al índice | ip:::1 | datos:{}
2025-11-24T15:19:20.281Z | userId:10 | user:pau | ruta:/ | accion:Acceder al índice | ip:::1 | datos:{}
2025-11-24T15:19:20.601Z | userId:10 | user:pau | ruta:/ | accion:Acceder al índice | ip:::1 | datos:{}
2025-11-24T15:19:21.273Z | userId:10 | user:pau | ruta:/ | accion:Acceder al índice | ip:::1 | datos:{}
2025-11-24T15:19:32.028Z | userId:10 | user:pau | ruta:/ | accion:Acceder al índice | ip:::1 | datos:{}
2025-11-24T15:19:32.409Z | userId:10 | user:pau | ruta:/ | accion:Acceder al índice | ip:::1 | datos:{}
2025-11-24T15:19:32.679Z | userId:10 | user:pau | ruta:/ | accion:Acceder al índice | ip:::1 | datos:{}
2025-11-24T15:19:57.262Z | userId:10 | user:pau | ruta:/ | accion:Acceder al índice | ip:::1 | datos:{}
2025-11-24T15:20:05.003Z | userId:10 | user:pau | ruta:/prestamos | accion:Listar préstamos | ip:::1 | datos:{}
2025-11-24T15:20:18.611Z | userId:10 | user:pau | ruta:/prestamos | accion:Listar préstamos | ip:::1 | datos:{}
2025-11-24T15:21:33.012Z | userId:10 | user:pau | ruta:/prestamos | accion:Listar préstamos | ip:::1 | datos:{}
2025-11-24T15:21:59.912Z | userId:10 | user:pau | ruta:/ | accion:Acceder al índice | ip:::1 | datos:{}
2025-11-24T15:22:12.725Z | userId:10 | user:pau | ruta:/prestamos | accion:Listar préstamos | ip:::1 | datos:{}
2025-11-24T15:22:46.202Z | userId:anon | user:anon | ruta:/prestamos | accion:Listar préstamos | ip:::1 | datos:{}
2025-11-24T15:24:06.726Z | userId:anon | user:anon | ruta:/users/login | accion:POST /users/login | ip:::1 | datos:{"body":{"email":"c@gmail.com","password":"12345678"}}
2025-11-24T15:24:06.784Z | userId:10 | user:pau | ruta:/users/login | accion:Iniciar sesión | ip:::1 | datos:{"userId":10,"email":"c@gmail.com"}
2025-11-24T15:24:06.797Z | userId:10 | user:pau | ruta:/ | accion:Acceder al índice | ip:::1 | datos:{}
2025-11-24T15:24:08.787Z | userId:10 | user:pau | ruta:/11/devolver | accion:POST /11/devolver | ip:::1 | datos:{"body":{"id":"11"}}
2025-11-24T15:24:08.791Z | userId:10 | user:pau | ruta:/11/devolver | accion:Devolver préstamo | ip:::1 | datos:{"id":"11"}
2025-11-24T15:24:08.801Z | userId:10 | user:pau | ruta:/ | accion:Acceder al índice | ip:::1 | datos:{}
2025-11-24T15:24:17.952Z | userId:10 | user:pau | ruta:/prestamos | accion:Listar préstamos | ip:::1 | datos:{}
2025-11-24T15:26:40.856Z | userId:10 | user:pau | ruta:/prestamos | accion:Listar préstamos | ip:::1 | datos:{}
2025-11-24T15:26:48.589Z | userId:10 | user:pau | ruta:/prestamos | accion:Listar préstamos | ip:::1 | datos:{}
2025-11-24T15:26:56.650Z | userId:10 | user:pau | ruta:/ | accion:Acceder al índice | ip:::1 | datos:{}
2025-11-24T15:26:59.422Z | userId:10 | user:pau | ruta:/estudiantes | accion:Listar estudiantes | ip:::1 | datos:{}
2025-11-24T15:27:00.352Z | userId:10 | user:pau | ruta:/herramientas | accion:Listar herramientas | ip:::1 | datos:{"totalHerramientas":6}
2025-11-24T15:27:01.367Z | userId:10 | user:pau | ruta:/prestamos | accion:Listar préstamos | ip:::1 | datos:{}
2025-11-24T15:27:15.773Z | userId:10 | user:pau | ruta:/ | accion:Acceder al índice | ip:::1 | datos:{}
2025-11-24T15:27:22.624Z | userId:10 | user:pau | ruta:/ | accion:Acceder al índice | ip:::1 | datos:{}
2025-11-24T15:27:26.489Z | userId:10 | user:pau | ruta:/users/ | accion:Listar usuarios | ip:::1 | datos:{"userId":10}
2025-11-24T15:27:42.244Z | userId:10 | user:pau | ruta:/users/eliminar-definitivo/3 | accion:POST /users/eliminar-definitivo/3 | ip:::1 | datos:{"body":{}}
2025-11-24T15:27:42.250Z | userId:10 | user:pau | ruta:/users/eliminar-definitivo/3 | accion:Eliminar usuario definitivamente | ip:::1 | datos:{"userId":3,"email":"a@gmail.com"}
2025-11-24T15:27:45.782Z | userId:10 | user:pau | ruta:/users/ | accion:Listar usuarios | ip:::1 | datos:{"userId":10}
2025-11-24T15:27:56.000Z | userId:10 | user:pau | ruta:/herramientas | accion:Listar herramientas | ip:::1 | datos:{"totalHerramientas":6}
2025-11-24T15:27:56.478Z | userId:10 | user:pau | ruta:/estudiantes | accion:Listar estudiantes | ip:::1 | datos:{}
2025-11-24T15:27:57.251Z | userId:10 | user:pau | ruta:/ | accion:Acceder al índice | ip:::1 | datos:{}
2025-11-24T15:27:58.489Z | userId:10 | user:pau | ruta:/prestamos | accion:Listar préstamos | ip:::1 | datos:{}
2025-11-24T15:28:03.205Z | userId:10 | user:pau | ruta:/ | accion:Acceder al índice | ip:::1 | datos:{}
2025-11-27T17:36:07.539Z | userId:anon | user:anon | ruta:/ | accion:Acceder al índice | ip:::1 | datos:{}
2025-11-27T17:36:29.586Z | userId:anon | user:anon | ruta:/users/login | accion:POST /users/login | ip:::1 | datos:{"body":{"email":"c@gmail.com","password":"12345678"}}
2025-11-27T17:36:29.651Z | userId:10 | user:pau | ruta:/users/login | accion:Iniciar sesión | ip:::1 | datos:{"userId":10,"email":"c@gmail.com"}
2025-11-27T17:36:29.666Z | userId:10 | user:pau | ruta:/ | accion:Acceder al índice | ip:::1 | datos:{}
2025-11-27T17:36:34.051Z | userId:10 | user:pau | ruta:/ | accion:POST / | ip:::1 | datos:{"body":{"q":"sad"}}
2025-11-27T17:36:34.054Z | userId:10 | user:pau | ruta:/ | accion:Búsqueda en el índice | ip:::1 | datos:{"termino":"sad"}
2025-11-27T17:37:15.041Z | userId:anon | user:anon | ruta:/prestamos | accion:Listar préstamos | ip:::1 | datos:{}
2025-11-27T17:37:17.811Z | userId:anon | user:anon | ruta:/prestamos | accion:POST /prestamos | ip:::1 | datos:{"body":{"q":"dsa"}}
2025-11-27T17:37:17.819Z | userId:anon | user:anon | ruta:/prestamos | accion:Buscar préstamos | ip:::1 | datos:{"terminoBusqueda":"dsa","resultadosEncontrados":0}
2025-11-27T17:37:26.959Z | userId:anon | user:anon | ruta:/users/login | accion:POST /users/login | ip:::1 | datos:{"body":{"email":"c@gmail.com","password":"12345678"}}
2025-11-27T17:37:27.015Z | userId:10 | user:pau | ruta:/users/login | accion:Iniciar sesión | ip:::1 | datos:{"userId":10,"email":"c@gmail.com"}
2025-11-27T17:37:27.028Z | userId:10 | user:pau | ruta:/ | accion:Acceder al índice | ip:::1 | datos:{}
2025-11-27T17:37:28.586Z | userId:10 | user:pau | ruta:/prestamos | accion:Listar préstamos | ip:::1 | datos:{}
2025-11-27T17:37:50.267Z | userId:10 | user:pau | ruta:/users/ | accion:Listar usuarios | ip:::1 | datos:{"userId":10}
2025-11-27T17:37:52.502Z | userId:10 | user:pau | ruta:/users | accion:POST /users | ip:::1 | datos:{"body":{"q":"sad"}}
2025-11-27T17:37:52.506Z | userId:10 | user:pau | ruta:/users | accion:Buscar usuarios | ip:::1 | datos:{"query":"sad","userId":10}
2025-11-27T17:48:41.981Z | userId:anon | user:anon | ruta:/ | accion:Acceder al índice | ip:::1 | datos:{}
2025-11-27T17:49:40.181Z | userId:anon | user:anon | ruta:/ | accion:Acceder al índice | ip:::1 | datos:{}
2025-11-27T18:22:06.819Z | userId:anon | user:anon | ruta:/users/login | accion:POST /users/login | ip:::1 | datos:{"body":{"email":"c@gmail.com","password":"12345678"}}
2025-11-27T18:22:06.906Z | userId:10 | user:pau | ruta:/users/login | accion:Iniciar sesión | ip:::1 | datos:{"userId":10,"email":"c@gmail.com"}
2025-11-27T18:22:06.938Z | userId:10 | user:pau | ruta:/ | accion:Acceder al índice | ip:::1 | datos:{}
2025-11-27T18:22:50.800Z | userId:10 | user:pau | ruta:/insumos | accion:Acceder a la lista de insumos | ip:::1 | datos:{}
2025-11-27T18:22:51.831Z | userId:10 | user:pau | ruta:/users/ | accion:Listar usuarios | ip:::1 | datos:{"userId":10}
2025-11-27T18:23:31.264Z | userId:10 | user:pau | ruta:/users/ | accion:Listar usuarios | ip:::1 | datos:{"userId":10}
2025-11-27T18:23:44.104Z | userId:10 | user:pau | ruta:/users/profile | accion:Ver perfil | ip:::1 | datos:{"userId":10,"email":"c@gmail.com"}
2025-11-27T18:23:46.341Z | userId:10 | user:pau | ruta:/users/ | accion:Listar usuarios | ip:::1 | datos:{"userId":10}
2025-11-27T18:23:53.495Z | userId:10 | user:pau | ruta:/users/ | accion:Listar usuarios | ip:::1 | datos:{"userId":10}
2025-11-27T18:23:54.445Z | userId:10 | user:pau | ruta:/users/profile | accion:Ver perfil | ip:::1 | datos:{"userId":10,"email":"c@gmail.com"}
2025-11-27T18:24:04.779Z | userId:10 | user:pau | ruta:/users/profile | accion:POST /users/profile | ip:::1 | datos:{"body":{}}
2025-11-27T18:24:04.779Z | userId:10 | user:pau | ruta:/users/profile | accion:Cerrar sesión | ip:::1 | datos:{"userId":10,"email":"c@gmail.com"}
2025-11-27T18:24:11.046Z | userId:anon | user:anon | ruta:/users/login | accion:POST /users/login | ip:::1 | datos:{"body":{"email":"c@gmail.com","password":"12345678"}}
2025-11-27T18:24:11.096Z | userId:10 | user:pau | ruta:/users/login | accion:Iniciar sesión | ip:::1 | datos:{"userId":10,"email":"c@gmail.com"}
2025-11-27T18:24:11.110Z | userId:10 | user:pau | ruta:/ | accion:Acceder al índice | ip:::1 | datos:{}
2025-11-27T18:24:12.829Z | userId:10 | user:pau | ruta:/users/profile | accion:Ver perfil | ip:::1 | datos:{"userId":10,"email":"c@gmail.com"}
2025-11-27T18:25:44.157Z | userId:10 | user:pau | ruta:/users/profile | accion:Ver perfil | ip:::1 | datos:{"userId":10,"email":"c@gmail.com"}
2025-11-27T18:26:05.249Z | userId:10 | user:pau | ruta:/users/profile | accion:POST /users/profile | ip:::1 | datos:{"body":{}}
2025-11-27T18:26:05.250Z | userId:10 | user:pau | ruta:/users/profile | accion:Cerrar sesión | ip:::1 | datos:{"userId":10,"email":"c@gmail.com"}
2025-11-27T18:26:16.650Z | userId:anon | user:anon | ruta:/users/login | accion:POST /users/login | ip:::1 | datos:{"body":{"email":"llamparoberto5@gmail.com","password":"12345678"}}
2025-11-27T18:26:46.250Z | userId:anon | user:anon | ruta:/users/login | accion:POST /users/login | ip:::1 | datos:{"body":{"email":"m@gmail.com","password":"12345678"}}
2025-11-27T18:26:46.299Z | userId:11 | user:sadgfdsgfvxcv | ruta:/users/login | accion:Iniciar sesión | ip:::1 | datos:{"userId":11,"email":"m@gmail.com"}
2025-11-27T18:26:46.311Z | userId:11 | user:sadgfdsgfvxcv | ruta:/ | accion:Acceder al índice | ip:::1 | datos:{}
2025-11-27T18:27:25.929Z | userId:11 | user:sadgfdsgfvxcv | ruta:/insumos | accion:Acceder a la lista de insumos | ip:::1 | datos:{}
2025-11-27T18:27:31.104Z | userId:11 | user:sadgfdsgfvxcv | ruta:/herramientas | accion:Listar herramientas | ip:::1 | datos:{"totalHerramientas":6}
2025-11-27T18:27:40.335Z | userId:11 | user:sadgfdsgfvxcv | ruta:/insumos | accion:Acceder a la lista de insumos | ip:::1 | datos:{}
2025-11-27T18:29:23.706Z | userId:11 | user:sadgfdsgfvxcv | ruta:/insumos | accion:Acceder a la lista de insumos | ip:::1 | datos:{}
2025-11-27T18:30:24.409Z | userId:11 | user:sadgfdsgfvxcv | ruta:/insumos | accion:Acceder a la lista de insumos | ip:::1 | datos:{}
2025-11-27T18:31:30.251Z | userId:11 | user:sadgfdsgfvxcv | ruta:/herramientas | accion:Listar herramientas | ip:::1 | datos:{"totalHerramientas":6}
2025-11-27T18:32:16.897Z | userId:11 | user:sadgfdsgfvxcv | ruta:/estudiantes | accion:Listar estudiantes | ip:::1 | datos:{}
2025-11-27T18:35:47.222Z | userId:11 | user:sadgfdsgfvxcv | ruta:/users/profile | accion:Ver perfil | ip:::1 | datos:{"userId":11,"email":"m@gmail.com"}
2025-11-27T18:36:43.059Z | userId:11 | user:sadgfdsgfvxcv | ruta:/users/profile | accion:Ver perfil | ip:::1 | datos:{"userId":11,"email":"m@gmail.com"}
2025-11-27T18:37:42.342Z | userId:11 | user:sadgfdsgfvxcv | ruta:/users/profile | accion:Ver perfil | ip:::1 | datos:{"userId":11,"email":"m@gmail.com"}
2025-11-27T18:37:43.228Z | userId:11 | user:sadgfdsgfvxcv | ruta:/users/profile | accion:Ver perfil | ip:::1 | datos:{"userId":11,"email":"m@gmail.com"}
2025-11-27T18:38:31.215Z | userId:11 | user:sadgfdsgfvxcv | ruta:/users/profile | accion:Ver perfil | ip:::1 | datos:{"userId":11,"email":"m@gmail.com"}
2025-11-27T18:38:31.956Z | userId:11 | user:sadgfdsgfvxcv | ruta:/users/profile | accion:Ver perfil | ip:::1 | datos:{"userId":11,"email":"m@gmail.com"}
2025-11-27T18:39:02.348Z | userId:11 | user:sadgfdsgfvxcv | ruta:/users/profile | accion:Ver perfil | ip:::1 | datos:{"userId":11,"email":"m@gmail.com"}
2025-11-27T18:39:28.958Z | userId:11 | user:sadgfdsgfvxcv | ruta:/estudiantes | accion:Listar estudiantes | ip:::1 | datos:{}
2025-11-27T18:39:31.174Z | userId:11 | user:sadgfdsgfvxcv | ruta:/users/profile | accion:Ver perfil | ip:::1 | datos:{"userId":11,"email":"m@gmail.com"}
2025-11-27T18:40:15.791Z | userId:11 | user:sadgfdsgfvxcv | ruta:/estudiantes | accion:Listar estudiantes | ip:::1 | datos:{}
2025-11-27T18:40:54.972Z | userId:11 | user:sadgfdsgfvxcv | ruta:/estudiantes | accion:Listar estudiantes | ip:::1 | datos:{}
2025-11-27T18:41:18.838Z | userId:11 | user:sadgfdsgfvxcv | ruta:/estudiantes | accion:Listar estudiantes | ip:::1 | datos:{}
2025-11-27T18:41:25.318Z | userId:11 | user:sadgfdsgfvxcv | ruta:/estudiantes | accion:Listar estudiantes | ip:::1 | datos:{}
2025-11-27T18:41:36.661Z | userId:11 | user:sadgfdsgfvxcv | ruta:/estudiantes | accion:Listar estudiantes | ip:::1 | datos:{}
2025-11-27T18:42:14.291Z | userId:11 | user:sadgfdsgfvxcv | ruta:/herramientas | accion:Listar herramientas | ip:::1 | datos:{"totalHerramientas":6}
2025-11-27T18:42:40.733Z | userId:11 | user:sadgfdsgfvxcv | ruta:/usosInsumos | accion:Acceso a la lista de usos de insumos | ip:::1 | datos:{"totalUsos":5}
2025-11-27T18:42:50.808Z | userId:11 | user:sadgfdsgfvxcv | ruta:/prestamos | accion:Listar préstamos | ip:::1 | datos:{}
2025-11-27T18:43:37.150Z | userId:11 | user:sadgfdsgfvxcv | ruta:/users/profile | accion:Ver perfil | ip:::1 | datos:{"userId":11,"email":"m@gmail.com"}
2025-11-27T18:43:48.700Z | userId:11 | user:sadgfdsgfvxcv | ruta:/prestamos | accion:Listar préstamos | ip:::1 | datos:{}
2025-11-27T18:45:01.826Z | userId:11 | user:sadgfdsgfvxcv | ruta:/prestamos | accion:Listar préstamos | ip:::1 | datos:{}
2025-11-27T18:45:04.059Z | userId:11 | user:sadgfdsgfvxcv | ruta:/prestamos | accion:Listar préstamos | ip:::1 | datos:{}
2025-11-27T18:45:04.880Z | userId:11 | user:sadgfdsgfvxcv | ruta:/ | accion:Acceder al índice | ip:::1 | datos:{}
2025-11-27T18:45:06.420Z | userId:11 | user:sadgfdsgfvxcv | ruta:/prestamos | accion:Listar préstamos | ip:::1 | datos:{}
2025-11-27T18:45:14.075Z | userId:11 | user:sadgfdsgfvxcv | ruta:/prestamos | accion:Listar préstamos | ip:::1 | datos:{}
2025-11-27T18:45:14.858Z | userId:11 | user:sadgfdsgfvxcv | ruta:/prestamos | accion:Listar préstamos | ip:::1 | datos:{}
2025-11-27T18:45:15.418Z | userId:11 | user:sadgfdsgfvxcv | ruta:/prestamos | accion:Listar préstamos | ip:::1 | datos:{}
2025-11-27T18:45:36.598Z | userId:11 | user:sadgfdsgfvxcv | ruta:/prestamos | accion:Listar préstamos | ip:::1 | datos:{}
2025-11-27T18:45:51.349Z | userId:11 | user:sadgfdsgfvxcv | ruta:/prestamos | accion:Listar préstamos | ip:::1 | datos:{}
2025-11-27T18:46:31.709Z | userId:11 | user:sadgfdsgfvxcv | ruta:/prestamos | accion:Listar préstamos | ip:::1 | datos:{}
2025-11-27T18:47:10.237Z | userId:11 | user:sadgfdsgfvxcv | ruta:/prestamos | accion:Listar préstamos | ip:::1 | datos:{}
2025-11-27T18:48:01.822Z | userId:11 | user:sadgfdsgfvxcv | ruta:/prestamos | accion:Listar préstamos | ip:::1 | datos:{}
2025-11-27T18:48:29.743Z | userId:11 | user:sadgfdsgfvxcv | ruta:/prestamos | accion:Listar préstamos | ip:::1 | datos:{}
2025-11-27T18:49:01.261Z | userId:11 | user:sadgfdsgfvxcv | ruta:/estudiantes | accion:Listar estudiantes | ip:::1 | datos:{}
2025-11-27T18:49:03.916Z | userId:11 | user:sadgfdsgfvxcv | ruta:/herramientas | accion:Listar herramientas | ip:::1 | datos:{"totalHerramientas":6}
2025-11-27T18:49:17.027Z | userId:11 | user:sadgfdsgfvxcv | ruta:/herramientas | accion:Listar herramientas | ip:::1 | datos:{"totalHerramientas":6}
2025-11-27T18:49:18.958Z | userId:11 | user:sadgfdsgfvxcv | ruta:/estudiantes | accion:Listar estudiantes | ip:::1 | datos:{}
2025-11-27T18:49:35.877Z | userId:11 | user:sadgfdsgfvxcv | ruta:/estudiantes | accion:Listar estudiantes | ip:::1 | datos:{}
2025-11-27T18:50:34.204Z | userId:11 | user:sadgfdsgfvxcv | ruta:/estudiantes | accion:Listar estudiantes | ip:::1 | datos:{}
2025-11-27T18:50:36.828Z | userId:11 | user:sadgfdsgfvxcv | ruta:/estudiantes | accion:Listar estudiantes | ip:::1 | datos:{}
2025-11-27T18:50:38.065Z | userId:11 | user:sadgfdsgfvxcv | ruta:/ | accion:Acceder al índice | ip:::1 | datos:{}
2025-11-27T18:50:50.344Z | userId:11 | user:sadgfdsgfvxcv | ruta:/ | accion:Acceder al índice | ip:::1 | datos:{}
2025-11-27T18:50:52.134Z | userId:11 | user:sadgfdsgfvxcv | ruta:/herramientas | accion:Listar herramientas | ip:::1 | datos:{"totalHerramientas":6}
2025-11-27T18:52:18.733Z | userId:11 | user:sadgfdsgfvxcv | ruta:/herramientas | accion:Listar herramientas | ip:::1 | datos:{"totalHerramientas":6}
2025-11-27T18:52:19.830Z | userId:11 | user:sadgfdsgfvxcv | ruta:/estudiantes | accion:Listar estudiantes | ip:::1 | datos:{}
2025-11-27T18:53:53.441Z | userId:anon | user:anon | ruta:/ | accion:Acceder al índice | ip:::1 | datos:{}
2025-11-27T18:54:04.359Z | userId:anon | user:anon | ruta:/users/login | accion:POST /users/login | ip:::1 | datos:{"body":{"email":"c@gmail.com","password":"12345678"}}
2025-11-27T18:54:04.419Z | userId:10 | user:pau | ruta:/users/login | accion:Iniciar sesión | ip:::1 | datos:{"userId":10,"email":"c@gmail.com"}
2025-11-27T18:54:04.434Z | userId:10 | user:pau | ruta:/ | accion:Acceder al índice | ip:::1 | datos:{}
2025-11-27T18:54:07.121Z | userId:10 | user:pau | ruta:/users/profile | accion:Ver perfil | ip:::1 | datos:{"userId":10,"email":"c@gmail.com"}
2025-11-27T18:54:10.736Z | userId:10 | user:pau | ruta:/estudiantes | accion:Listar estudiantes | ip:::1 | datos:{}
2025-11-27T18:54:29.648Z | userId:10 | user:pau | ruta:/estudiantes | accion:Listar estudiantes | ip:::1 | datos:{}
2025-11-27T18:54:31.850Z | userId:10 | user:pau | ruta:/herramientas | accion:Listar herramientas | ip:::1 | datos:{"totalHerramientas":6}
2025-11-27T18:54:45.713Z | userId:anon | user:anon | ruta:/herramientas | accion:Listar herramientas | ip:::1 | datos:{"totalHerramientas":6}
2025-11-27T18:55:00.190Z | userId:anon | user:anon | ruta:/ | accion:Acceder al índice | ip:::1 | datos:{}
2025-11-27T18:55:10.644Z | userId:anon | user:anon | ruta:/users/login | accion:POST /users/login | ip:::1 | datos:{"body":{"email":"c@gmail.com","password":"12345678"}}
2025-11-27T18:55:10.703Z | userId:10 | user:pau | ruta:/users/login | accion:Iniciar sesión | ip:::1 | datos:{"userId":10,"email":"c@gmail.com"}
2025-11-27T18:55:10.716Z | userId:10 | user:pau | ruta:/ | accion:Acceder al índice | ip:::1 | datos:{}
2025-11-27T18:55:11.507Z | userId:10 | user:pau | ruta:/prestamos | accion:Listar préstamos | ip:::1 | datos:{}
2025-11-27T18:55:12.133Z | userId:10 | user:pau | ruta:/audit | accion:Listar audit logs | ip:::1 | datos:{"termino":"","pagina":1}
2025-11-27T18:55:12.554Z | userId:10 | user:pau | ruta:/herramientas | accion:Listar herramientas | ip:::1 | datos:{"totalHerramientas":6}
2025-11-27T18:55:13.712Z | userId:10 | user:pau | ruta:/estudiantes | accion:Listar estudiantes | ip:::1 | datos:{}
2025-11-27T18:58:38.436Z | userId:anon | user:anon | ruta:/estudiantes | accion:Listar estudiantes | ip:::1 | datos:{}
2025-11-27T18:58:42.392Z | userId:anon | user:anon | ruta:/ | accion:Acceder al índice | ip:::1 | datos:{}
2025-11-27T18:58:48.834Z | userId:anon | user:anon | ruta:/users/login | accion:POST /users/login | ip:::1 | datos:{"body":{"email":"c@gmail.com","password":"12345678"}}
2025-11-27T18:58:48.892Z | userId:10 | user:pau | ruta:/users/login | accion:Iniciar sesión | ip:::1 | datos:{"userId":10,"email":"c@gmail.com"}
2025-11-27T18:58:48.906Z | userId:10 | user:pau | ruta:/ | accion:Acceder al índice | ip:::1 | datos:{}
2025-11-27T18:58:50.163Z | userId:10 | user:pau | ruta:/users/profile | accion:Ver perfil | ip:::1 | datos:{"userId":10,"email":"c@gmail.com"}
2025-11-27T18:58:51.660Z | userId:10 | user:pau | ruta:/users/profile | accion:POST /users/profile | ip:::1 | datos:{"body":{}}
2025-11-27T18:58:51.660Z | userId:10 | user:pau | ruta:/users/profile | accion:Cerrar sesión | ip:::1 | datos:{"userId":10,"email":"c@gmail.com"}
2025-11-27T18:58:57.027Z | userId:anon | user:anon | ruta:/users/login | accion:POST /users/login | ip:::1 | datos:{"body":{"email":"m@gmail.com","password":"12345678"}}
2025-11-27T18:58:57.076Z | userId:11 | user:sadgfdsgfvxcv | ruta:/users/login | accion:Iniciar sesión | ip:::1 | datos:{"userId":11,"email":"m@gmail.com"}
2025-11-27T18:58:57.091Z | userId:11 | user:sadgfdsgfvxcv | ruta:/ | accion:Acceder al índice | ip:::1 | datos:{}
2025-11-27T18:58:58.218Z | userId:11 | user:sadgfdsgfvxcv | ruta:/estudiantes | accion:Listar estudiantes | ip:::1 | datos:{}
2025-11-27T18:59:49.626Z | userId:anon | user:anon | ruta:/ | accion:Acceder al índice | ip:::1 | datos:{}
2025-11-27T18:59:55.135Z | userId:anon | user:anon | ruta:/users/login | accion:POST /users/login | ip:::1 | datos:{"body":{"email":"m@gmail.com","password":"12345678"}}
2025-11-27T18:59:55.193Z | userId:11 | user:sadgfdsgfvxcv | ruta:/users/login | accion:Iniciar sesión | ip:::1 | datos:{"userId":11,"email":"m@gmail.com"}
2025-11-27T18:59:55.206Z | userId:11 | user:sadgfdsgfvxcv | ruta:/ | accion:Acceder al índice | ip:::1 | datos:{}
2025-11-27T18:59:56.067Z | userId:11 | user:sadgfdsgfvxcv | ruta:/estudiantes | accion:Listar estudiantes | ip:::1 | datos:{}
2025-11-27T19:08:27.259Z | userId:anon | user:anon | ruta:/estudiantes | accion:Listar estudiantes | ip:::1 | datos:{}
2025-11-27T19:08:29.495Z | userId:anon | user:anon | ruta:/ | accion:Acceder al índice | ip:::1 | datos:{}
2025-11-27T19:08:35.537Z | userId:anon | user:anon | ruta:/users/login | accion:POST /users/login | ip:::1 | datos:{"body":{"email":"m@gmail.com","password":"12345678"}}
2025-11-27T19:08:35.596Z | userId:11 | user:sadgfdsgfvxcv | ruta:/users/login | accion:Iniciar sesión | ip:::1 | datos:{"userId":11,"email":"m@gmail.com"}
2025-11-27T19:08:35.610Z | userId:11 | user:sadgfdsgfvxcv | ruta:/ | accion:Acceder al índice | ip:::1 | datos:{}
2025-11-27T19:08:36.561Z | userId:11 | user:sadgfdsgfvxcv | ruta:/estudiantes | accion:Listar estudiantes | ip:::1 | datos:{}
2025-11-27T19:09:59.066Z | userId:11 | user:sadgfdsgfvxcv | ruta:/estudiantes | accion:Listar estudiantes | ip:::1 | datos:{}
2025-11-27T19:10:19.033Z | userId:11 | user:sadgfdsgfvxcv | ruta:/estudiantes | accion:Listar estudiantes | ip:::1 | datos:{}
2025-11-27T19:10:39.650Z | userId:11 | user:sadgfdsgfvxcv | ruta:/estudiantes | accion:Listar estudiantes | ip:::1 | datos:{}
2025-11-27T19:10:45.390Z | userId:11 | user:sadgfdsgfvxcv | ruta:/ | accion:Acceder al índice | ip:::1 | datos:{}
2025-11-27T19:10:46.657Z | userId:11 | user:sadgfdsgfvxcv | ruta:/estudiantes | accion:Listar estudiantes | ip:::1 | datos:{}
2025-11-27T19:10:53.100Z | userId:11 | user:sadgfdsgfvxcv | ruta:/herramientas | accion:Listar herramientas | ip:::1 | datos:{"totalHerramientas":6}
2025-11-27T19:11:43.078Z | userId:11 | user:sadgfdsgfvxcv | ruta:/insumos | accion:Acceder a la lista de insumos | ip:::1 | datos:{}
2025-11-27T19:11:46.102Z | userId:11 | user:sadgfdsgfvxcv | ruta:/usosInsumos | accion:Acceso a la lista de usos de insumos | ip:::1 | datos:{"totalUsos":5}
2025-11-27T19:11:50.693Z | userId:11 | user:sadgfdsgfvxcv | ruta:/prestamos | accion:Listar préstamos | ip:::1 | datos:{}
2025-11-27T19:13:08.868Z | userId:11 | user:sadgfdsgfvxcv | ruta:/estudiantes | accion:Listar estudiantes | ip:::1 | datos:{}
2025-11-27T19:14:18.820Z | userId:11 | user:sadgfdsgfvxcv | ruta:/estudiantes | accion:Listar estudiantes | ip:::1 | datos:{}
2025-11-27T19:14:19.429Z | userId:11 | user:sadgfdsgfvxcv | ruta:/herramientas | accion:Listar herramientas | ip:::1 | datos:{"totalHerramientas":6}
2025-11-27T19:14:20.421Z | userId:11 | user:sadgfdsgfvxcv | ruta:/prestamos | accion:Listar préstamos | ip:::1 | datos:{}
2025-11-27T19:14:20.917Z | userId:11 | user:sadgfdsgfvxcv | ruta:/insumos | accion:Acceder a la lista de insumos | ip:::1 | datos:{}
2025-11-27T19:14:21.414Z | userId:11 | user:sadgfdsgfvxcv | ruta:/usosInsumos | accion:Acceso a la lista de usos de insumos | ip:::1 | datos:{"totalUsos":5}
2025-11-27T19:14:22.492Z | userId:11 | user:sadgfdsgfvxcv | ruta:/herramientas | accion:Listar herramientas | ip:::1 | datos:{"totalHerramientas":6}
2025-11-27T19:14:22.963Z | userId:11 | user:sadgfdsgfvxcv | ruta:/estudiantes | accion:Listar estudiantes | ip:::1 | datos:{}
2025-11-27T19:17:15.458Z | userId:11 | user:sadgfdsgfvxcv | ruta:/herramientas | accion:Listar herramientas | ip:::1 | datos:{"totalHerramientas":6}
2025-11-27T19:17:16.046Z | userId:11 | user:sadgfdsgfvxcv | ruta:/estudiantes | accion:Listar estudiantes | ip:::1 | datos:{}
2025-11-27T19:17:47.694Z | userId:11 | user:sadgfdsgfvxcv | ruta:/prestamos | accion:Listar préstamos | ip:::1 | datos:{}
2025-11-27T19:29:04.910Z | userId:11 | user:sadgfdsgfvxcv | ruta:/estudiantes | accion:Listar estudiantes | ip:::1 | datos:{}
2025-11-27T19:29:24.480Z | userId:11 | user:sadgfdsgfvxcv | ruta:/users/profile | accion:Ver perfil | ip:::1 | datos:{"userId":11,"email":"m@gmail.com"}
2025-11-27T19:29:28.817Z | userId:11 | user:sadgfdsgfvxcv | ruta:/users/profile | accion:POST /users/profile | ip:::1 | datos:{"body":{}}
2025-11-27T19:29:28.817Z | userId:11 | user:sadgfdsgfvxcv | ruta:/users/profile | accion:Cerrar sesión | ip:::1 | datos:{"userId":11,"email":"m@gmail.com"}
2025-11-27T19:29:50.517Z | userId:anon | user:anon | ruta:/users/login | accion:POST /users/login | ip:::1 | datos:{"body":{"email":"b@gmail.com","password":"12345678"}}
2025-11-27T19:29:59.901Z | userId:anon | user:anon | ruta:/users/login | accion:POST /users/login | ip:::1 | datos:{"body":{"email":"c@gmail.com","password":"12345678"}}
2025-11-27T19:29:59.951Z | userId:10 | user:pau | ruta:/users/login | accion:Iniciar sesión | ip:::1 | datos:{"userId":10,"email":"c@gmail.com"}
2025-11-27T19:29:59.962Z | userId:10 | user:pau | ruta:/ | accion:Acceder al índice | ip:::1 | datos:{}
2025-11-27T19:30:10.263Z | userId:10 | user:pau | ruta:/ | accion:Acceder al índice | ip:::1 | datos:{}
2025-11-27T19:30:10.978Z | userId:10 | user:pau | ruta:/ | accion:Acceder al índice | ip:::1 | datos:{}
2025-11-27T19:30:13.606Z | userId:10 | user:pau | ruta:/users/profile | accion:Ver perfil | ip:::1 | datos:{"userId":10,"email":"c@gmail.com"}
2025-11-27T19:31:36.553Z | userId:10 | user:pau | ruta:/users/profile | accion:Ver perfil | ip:::1 | datos:{"userId":10,"email":"c@gmail.com"}
2025-11-27T19:31:58.440Z | userId:10 | user:pau | ruta:/users/profile | accion:Ver perfil | ip:::1 | datos:{"userId":10,"email":"c@gmail.com"}
2025-11-27T19:32:10.294Z | userId:10 | user:pau | ruta:/users/profile | accion:Ver perfil | ip:::1 | datos:{"userId":10,"email":"c@gmail.com"}
2025-11-27T19:32:31.446Z | userId:10 | user:pau | ruta:/users/profile | accion:Ver perfil | ip:::1 | datos:{"userId":10,"email":"c@gmail.com"}
2025-11-27T19:33:29.042Z | userId:10 | user:pau | ruta:/users/profile | accion:Ver perfil | ip:::1 | datos:{"userId":10,"email":"c@gmail.com"}
2025-11-27T19:33:38.910Z | userId:10 | user:pau | ruta:/ | accion:Acceder al índice | ip:::1 | datos:{}
2025-11-27T19:33:44.969Z | userId:10 | user:pau | ruta:/estudiantes | accion:Listar estudiantes | ip:::1 | datos:{}
2025-11-27T19:33:47.394Z | userId:10 | user:pau | ruta:/herramientas | accion:Listar herramientas | ip:::1 | datos:{"totalHerramientas":6}
2025-11-27T19:33:57.577Z | userId:10 | user:pau | ruta:/estudiantes | accion:Listar estudiantes | ip:::1 | datos:{}
2025-11-30T19:20:18.858Z | userId:anon | user:anon | ruta:/ | accion:Acceder al índice | ip:::1 | datos:{}
2025-11-30T19:46:46.598Z | userId:anon | user:anon | ruta:/ | accion:Acceder al índice | ip:::1 | datos:{}
2025-11-30T19:46:52.787Z | userId:anon | user:anon | ruta:/users/login | accion:POST /users/login | ip:::1 | datos:{"body":{"email":"c@gmail.com","password":"12345678"}}
2025-11-30T19:46:52.846Z | userId:10 | user:pau | ruta:/users/login | accion:Iniciar sesión | ip:::1 | datos:{"userId":10,"email":"c@gmail.com"}
2025-11-30T19:46:52.859Z | userId:10 | user:pau | ruta:/ | accion:Acceder al índice | ip:::1 | datos:{}
2025-11-30T20:03:15.603Z | userId:10 | user:pau | ruta:/users/profile | accion:Ver perfil | ip:::1 | datos:{"userId":10,"email":"c@gmail.com"}
2025-11-30T20:06:37.691Z | userId:10 | user:pau | ruta:/users/profile | accion:Ver perfil | ip:::1 | datos:{"userId":10,"email":"c@gmail.com"}
2025-11-30T20:09:43.810Z | userId:10 | user:pau | ruta:/ | accion:Acceder al índice | ip:::1 | datos:{}
2025-11-30T20:09:46.011Z | userId:10 | user:pau | ruta:/estudiantes | accion:Listar estudiantes | ip:::1 | datos:{}
2025-11-30T20:09:47.806Z | userId:10 | user:pau | ruta:/herramientas | accion:Listar herramientas | ip:::1 | datos:{"totalHerramientas":6}
2025-11-30T20:09:57.461Z | userId:10 | user:pau | ruta:/insumos | accion:Acceder a la lista de insumos | ip:::1 | datos:{}
2025-11-30T20:10:01.946Z | userId:10 | user:pau | ruta:/estudiantes | accion:Listar estudiantes | ip:::1 | datos:{}
2025-11-30T20:10:02.899Z | userId:10 | user:pau | ruta:/herramientas | accion:Listar herramientas | ip:::1 | datos:{"totalHerramientas":6}
2025-11-30T20:10:03.435Z | userId:10 | user:pau | ruta:/users/profile | accion:Ver perfil | ip:::1 | datos:{"userId":10,"email":"c@gmail.com"}
2025-11-30T20:10:23.276Z | userId:10 | user:pau | ruta:/users/profile | accion:Ver perfil | ip:::1 | datos:{"userId":10,"email":"c@gmail.com"}
2025-11-30T20:10:34.307Z | userId:10 | user:pau | ruta:/users/profile | accion:Ver perfil | ip:::1 | datos:{"userId":10,"email":"c@gmail.com"}
2025-11-30T20:11:21.202Z | userId:10 | user:pau | ruta:/ | accion:Acceder al índice | ip:::1 | datos:{}
2025-11-30T20:12:50.629Z | userId:10 | user:pau | ruta:/estudiantes | accion:Listar estudiantes | ip:::1 | datos:{}
2025-11-30T20:12:52.621Z | userId:10 | user:pau | ruta:/herramientas | accion:Listar herramientas | ip:::1 | datos:{"totalHerramientas":6}
2025-11-30T20:12:54.365Z | userId:10 | user:pau | ruta:/estudiantes | accion:Listar estudiantes | ip:::1 | datos:{}
2025-11-30T20:12:55.933Z | userId:10 | user:pau | ruta:/users/profile | accion:Ver perfil | ip:::1 | datos:{"userId":10,"email":"c@gmail.com"}
2025-11-30T20:12:57.065Z | userId:10 | user:pau | ruta:/users/profile | accion:POST /users/profile | ip:::1 | datos:{"body":{}}
2025-11-30T20:12:57.066Z | userId:10 | user:pau | ruta:/users/profile | accion:Cerrar sesión | ip:::1 | datos:{"userId":10,"email":"c@gmail.com"}
2025-11-30T20:13:02.516Z | userId:anon | user:anon | ruta:/users/login | accion:POST /users/login | ip:::1 | datos:{"body":{"email":"c@gmail.com","password":"12345678"}}
2025-11-30T20:13:02.564Z | userId:10 | user:pau | ruta:/users/login | accion:Iniciar sesión | ip:::1 | datos:{"userId":10,"email":"c@gmail.com"}
2025-11-30T20:13:02.575Z | userId:10 | user:pau | ruta:/ | accion:Acceder al índice | ip:::1 | datos:{}
2025-11-30T20:13:03.548Z | userId:10 | user:pau | ruta:/estudiantes | accion:Listar estudiantes | ip:::1 | datos:{}
2025-11-30T20:13:08.765Z | userId:10 | user:pau | ruta:/herramientas | accion:Listar herramientas | ip:::1 | datos:{"totalHerramientas":6}
2025-11-30T20:13:57.168Z | userId:10 | user:pau | ruta:/insumos | accion:Acceder a la lista de insumos | ip:::1 | datos:{}
2025-11-30T20:13:58.039Z | userId:10 | user:pau | ruta:/prestamos | accion:Listar préstamos | ip:::1 | datos:{}
2025-11-30T20:14:00.214Z | userId:10 | user:pau | ruta:/herramientas | accion:Listar herramientas | ip:::1 | datos:{"totalHerramientas":6}
2025-11-30T20:14:19.101Z | userId:10 | user:pau | ruta:/estudiantes | accion:Listar estudiantes | ip:::1 | datos:{}
2025-11-30T20:14:21.278Z | userId:10 | user:pau | ruta:/herramientas | accion:Listar herramientas | ip:::1 | datos:{"totalHerramientas":6}
2025-11-30T20:14:24.135Z | userId:10 | user:pau | ruta:/prestamos | accion:Listar préstamos | ip:::1 | datos:{}
2025-11-30T20:14:35.609Z | userId:10 | user:pau | ruta:/prestamos | accion:Listar préstamos | ip:::1 | datos:{}
2025-11-30T20:27:47.060Z | userId:10 | user:pau | ruta:/insumos | accion:Acceder a la lista de insumos | ip:::1 | datos:{}
2025-11-30T20:28:54.884Z | userId:10 | user:pau | ruta:/usosInsumos | accion:Acceso a la lista de usos de insumos | ip:::1 | datos:{"totalUsos":5}
2025-11-30T20:28:59.448Z | userId:10 | user:pau | ruta:/insumos | accion:Acceder a la lista de insumos | ip:::1 | datos:{}
2025-11-30T20:31:33.384Z | userId:10 | user:pau | ruta:/estudiantes | accion:Listar estudiantes | ip:::1 | datos:{}
2025-11-30T20:31:34.040Z | userId:10 | user:pau | ruta:/herramientas | accion:Listar herramientas | ip:::1 | datos:{"totalHerramientas":6}
2025-11-30T20:31:34.489Z | userId:10 | user:pau | ruta:/prestamos | accion:Listar préstamos | ip:::1 | datos:{}
2025-11-30T20:31:34.936Z | userId:10 | user:pau | ruta:/insumos | accion:Acceder a la lista de insumos | ip:::1 | datos:{}
2025-11-30T20:31:36.299Z | userId:10 | user:pau | ruta:/usosInsumos | accion:Acceso a la lista de usos de insumos | ip:::1 | datos:{"totalUsos":5}
2025-11-30T20:31:53.289Z | userId:10 | user:pau | ruta:/ | accion:Acceder al índice | ip:::1 | datos:{}
2025-11-30T20:31:54.504Z | userId:10 | user:pau | ruta:/estudiantes | accion:Listar estudiantes | ip:::1 | datos:{}
2025-11-30T20:33:19.649Z | userId:10 | user:pau | ruta:/estudiantes | accion:Listar estudiantes | ip:::1 | datos:{}
2025-11-30T20:34:26.742Z | userId:10 | user:pau | ruta:/herramientas | accion:Listar herramientas | ip:::1 | datos:{"totalHerramientas":6}
2025-11-30T20:34:49.725Z | userId:10 | user:pau | ruta:/herramientas | accion:Listar herramientas | ip:::1 | datos:{"totalHerramientas":6}
2025-11-30T20:35:11.449Z | userId:10 | user:pau | ruta:/prestamos | accion:Listar préstamos | ip:::1 | datos:{}
2025-11-30T20:36:09.245Z | userId:10 | user:pau | ruta:/prestamos | accion:Listar préstamos | ip:::1 | datos:{}
2025-11-30T20:36:10.668Z | userId:10 | user:pau | ruta:/insumos | accion:Acceder a la lista de insumos | ip:::1 | datos:{}
2025-11-30T20:36:56.822Z | userId:10 | user:pau | ruta:/insumos | accion:Acceder a la lista de insumos | ip:::1 | datos:{}
2025-11-30T20:37:01.463Z | userId:10 | user:pau | ruta:/usosInsumos | accion:Acceso a la lista de usos de insumos | ip:::1 | datos:{"totalUsos":5}
2025-11-30T20:37:02.710Z | userId:10 | user:pau | ruta:/prestamos | accion:Listar préstamos | ip:::1 | datos:{}
2025-11-30T20:37:03.045Z | userId:10 | user:pau | ruta:/insumos | accion:Acceder a la lista de insumos | ip:::1 | datos:{}
2025-11-30T20:37:03.360Z | userId:10 | user:pau | ruta:/usosInsumos | accion:Acceso a la lista de usos de insumos | ip:::1 | datos:{"totalUsos":5}
2025-11-30T20:37:41.569Z | userId:10 | user:pau | ruta:/usosInsumos | accion:Acceso a la lista de usos de insumos | ip:::1 | datos:{"totalUsos":5}
2025-11-30T20:38:02.299Z | userId:10 | user:pau | ruta:/ | accion:Acceder al índice | ip:::1 | datos:{}
2025-11-30T20:38:02.861Z | userId:10 | user:pau | ruta:/estudiantes | accion:Listar estudiantes | ip:::1 | datos:{}
2025-11-30T20:38:03.590Z | userId:10 | user:pau | ruta:/herramientas | accion:Listar herramientas | ip:::1 | datos:{"totalHerramientas":6}
2025-11-30T20:38:04.086Z | userId:10 | user:pau | ruta:/prestamos | accion:Listar préstamos | ip:::1 | datos:{}
2025-11-30T20:38:04.519Z | userId:10 | user:pau | ruta:/usosInsumos | accion:Acceso a la lista de usos de insumos | ip:::1 | datos:{"totalUsos":5}
2025-11-30T20:38:05.165Z | userId:10 | user:pau | ruta:/insumos | accion:Acceder a la lista de insumos | ip:::1 | datos:{}
2025-11-30T20:38:06.008Z | userId:10 | user:pau | ruta:/usosInsumos | accion:Acceso a la lista de usos de insumos | ip:::1 | datos:{"totalUsos":5}
2025-11-30T20:38:06.406Z | userId:10 | user:pau | ruta:/prestamos | accion:Listar préstamos | ip:::1 | datos:{}
2025-11-30T20:38:06.759Z | userId:10 | user:pau | ruta:/prestamos | accion:Listar préstamos | ip:::1 | datos:{}
2025-11-30T20:38:07.109Z | userId:10 | user:pau | ruta:/herramientas | accion:Listar herramientas | ip:::1 | datos:{"totalHerramientas":6}
2025-11-30T20:38:07.756Z | userId:10 | user:pau | ruta:/estudiantes | accion:Listar estudiantes | ip:::1 | datos:{}
2025-11-30T20:38:08.133Z | userId:10 | user:pau | ruta:/herramientas | accion:Listar herramientas | ip:::1 | datos:{"totalHerramientas":6}
2025-11-30T20:38:08.533Z | userId:10 | user:pau | ruta:/herramientas | accion:Listar herramientas | ip:::1 | datos:{"totalHerramientas":6}
2025-11-30T20:38:08.902Z | userId:10 | user:pau | ruta:/prestamos | accion:Listar préstamos | ip:::1 | datos:{}
2025-11-30T20:38:09.349Z | userId:10 | user:pau | ruta:/insumos | accion:Acceder a la lista de insumos | ip:::1 | datos:{}
2025-11-30T20:38:09.832Z | userId:10 | user:pau | ruta:/usosInsumos | accion:Acceso a la lista de usos de insumos | ip:::1 | datos:{"totalUsos":5}
2025-11-30T20:38:13.494Z | userId:10 | user:pau | ruta:/insumos | accion:Acceder a la lista de insumos | ip:::1 | datos:{}
2025-11-30T20:38:14.063Z | userId:10 | user:pau | ruta:/usosInsumos | accion:Acceso a la lista de usos de insumos | ip:::1 | datos:{"totalUsos":5}
2025-11-30T20:40:14.394Z | userId:10 | user:pau | ruta:/usosInsumos | accion:Acceso a la lista de usos de insumos | ip:::1 | datos:{"totalUsos":5}
2025-11-30T20:40:14.936Z | userId:10 | user:pau | ruta:/usosInsumos | accion:Acceso a la lista de usos de insumos | ip:::1 | datos:{"totalUsos":5}
2025-11-30T20:40:15.263Z | userId:10 | user:pau | ruta:/insumos | accion:Acceder a la lista de insumos | ip:::1 | datos:{}
2025-11-30T20:40:15.856Z | userId:10 | user:pau | ruta:/prestamos | accion:Listar préstamos | ip:::1 | datos:{}
2025-11-30T20:40:16.344Z | userId:10 | user:pau | ruta:/prestamos | accion:Listar préstamos | ip:::1 | datos:{}
2025-11-30T20:40:16.847Z | userId:10 | user:pau | ruta:/prestamos | accion:Listar préstamos | ip:::1 | datos:{}
2025-11-30T20:40:17.247Z | userId:10 | user:pau | ruta:/insumos | accion:Acceder a la lista de insumos | ip:::1 | datos:{}
2025-11-30T20:40:17.655Z | userId:10 | user:pau | ruta:/usosInsumos | accion:Acceso a la lista de usos de insumos | ip:::1 | datos:{"totalUsos":5}
2025-11-30T20:40:18.352Z | userId:10 | user:pau | ruta:/usosInsumos | accion:Acceso a la lista de usos de insumos | ip:::1 | datos:{"totalUsos":5}
2025-11-30T20:40:19.343Z | userId:10 | user:pau | ruta:/users/profile | accion:Ver perfil | ip:::1 | datos:{"userId":10,"email":"c@gmail.com"}
2025-11-30T20:40:25.608Z | userId:10 | user:pau | ruta:/prestamos | accion:Listar préstamos | ip:::1 | datos:{}
2025-11-30T20:40:26.120Z | userId:10 | user:pau | ruta:/herramientas | accion:Listar herramientas | ip:::1 | datos:{"totalHerramientas":6}
2025-11-30T20:40:34.957Z | userId:10 | user:pau | ruta:/estudiantes | accion:Listar estudiantes | ip:::1 | datos:{}
2025-11-30T20:40:36.654Z | userId:10 | user:pau | ruta:/herramientas | accion:Listar herramientas | ip:::1 | datos:{"totalHerramientas":6}
2025-11-30T20:40:40.511Z | userId:10 | user:pau | ruta:/insumos | accion:Acceder a la lista de insumos | ip:::1 | datos:{}
2025-11-30T20:40:41.176Z | userId:10 | user:pau | ruta:/usosInsumos | accion:Acceso a la lista de usos de insumos | ip:::1 | datos:{"totalUsos":5}
2025-11-30T20:40:42.294Z | userId:10 | user:pau | ruta:/insumos | accion:Acceder a la lista de insumos | ip:::1 | datos:{}
2025-11-30T20:40:47.942Z | userId:10 | user:pau | ruta:/estudiantes | accion:Listar estudiantes | ip:::1 | datos:{}
2025-11-30T20:42:32.128Z | userId:10 | user:pau | ruta:/estudiantes | accion:Listar estudiantes | ip:::1 | datos:{}
2025-11-30T20:42:33.920Z | userId:10 | user:pau | ruta:/herramientas | accion:Listar herramientas | ip:::1 | datos:{"totalHerramientas":6}
2025-11-30T20:42:36.465Z | userId:10 | user:pau | ruta:/herramientas | accion:Listar herramientas | ip:::1 | datos:{"totalHerramientas":6}
2025-11-30T20:44:34.547Z | userId:10 | user:pau | ruta:/estudiantes | accion:Listar estudiantes | ip:::1 | datos:{}
2025-11-30T20:44:34.985Z | userId:10 | user:pau | ruta:/herramientas | accion:Listar herramientas | ip:::1 | datos:{"totalHerramientas":6}
2025-11-30T20:44:36.360Z | userId:10 | user:pau | ruta:/estudiantes | accion:Listar estudiantes | ip:::1 | datos:{}
2025-11-30T20:44:37.569Z | userId:10 | user:pau | ruta:/herramientas | accion:Listar herramientas | ip:::1 | datos:{"totalHerramientas":6}
2025-11-30T20:44:38.016Z | userId:10 | user:pau | ruta:/estudiantes | accion:Listar estudiantes | ip:::1 | datos:{}
2025-11-30T20:46:14.649Z | userId:10 | user:pau | ruta:/estudiantes | accion:Listar estudiantes | ip:::1 | datos:{}
2025-11-30T20:47:38.752Z | userId:10 | user:pau | ruta:/estudiantes | accion:Listar estudiantes | ip:::1 | datos:{}
2025-11-30T20:47:40.122Z | userId:10 | user:pau | ruta:/estudiantes | accion:Listar estudiantes | ip:::1 | datos:{}
2025-11-30T20:47:41.100Z | userId:10 | user:pau | ruta:/herramientas | accion:Listar herramientas | ip:::1 | datos:{"totalHerramientas":6}
2025-11-30T20:48:25.370Z | userId:10 | user:pau | ruta:/herramientas | accion:Listar herramientas | ip:::1 | datos:{"totalHerramientas":6}
2025-11-30T20:48:26.813Z | userId:10 | user:pau | ruta:/prestamos | accion:Listar préstamos | ip:::1 | datos:{}
2025-11-30T20:48:28.532Z | userId:10 | user:pau | ruta:/herramientas | accion:Listar herramientas | ip:::1 | datos:{"totalHerramientas":6}
2025-11-30T20:48:29.588Z | userId:10 | user:pau | ruta:/prestamos | accion:Listar préstamos | ip:::1 | datos:{}
2025-11-30T20:48:34.276Z | userId:10 | user:pau | ruta:/insumos | accion:Acceder a la lista de insumos | ip:::1 | datos:{}
2025-11-30T20:49:23.456Z | userId:10 | user:pau | ruta:/prestamos | accion:Listar préstamos | ip:::1 | datos:{}
2025-11-30T20:49:23.980Z | userId:10 | user:pau | ruta:/insumos | accion:Acceder a la lista de insumos | ip:::1 | datos:{}
2025-11-30T20:49:56.795Z | userId:10 | user:pau | ruta:/insumos | accion:Acceder a la lista de insumos | ip:::1 | datos:{}
2025-11-30T20:49:57.726Z | userId:10 | user:pau | ruta:/usosInsumos | accion:Acceso a la lista de usos de insumos | ip:::1 | datos:{"totalUsos":5}
2025-11-30T20:49:58.933Z | userId:10 | user:pau | ruta:/prestamos | accion:Listar préstamos | ip:::1 | datos:{}
2025-11-30T20:51:32.834Z | userId:10 | user:pau | ruta:/usosInsumos | accion:Acceso a la lista de usos de insumos | ip:::1 | datos:{"totalUsos":5}
2025-11-30T20:51:38.086Z | userId:10 | user:pau | ruta:/insumos | accion:Acceder a la lista de insumos | ip:::1 | datos:{}
2025-11-30T20:51:38.543Z | userId:10 | user:pau | ruta:/prestamos | accion:Listar préstamos | ip:::1 | datos:{}
2025-11-30T20:51:46.510Z | userId:10 | user:pau | ruta:/estudiantes | accion:Listar estudiantes | ip:::1 | datos:{}
2025-11-30T20:51:47.029Z | userId:10 | user:pau | ruta:/herramientas | accion:Listar herramientas | ip:::1 | datos:{"totalHerramientas":6}
2025-11-30T20:51:47.408Z | userId:10 | user:pau | ruta:/prestamos | accion:Listar préstamos | ip:::1 | datos:{}
2025-11-30T20:51:48.494Z | userId:10 | user:pau | ruta:/insumos | accion:Acceder a la lista de insumos | ip:::1 | datos:{}
2025-11-30T20:51:49.688Z | userId:10 | user:pau | ruta:/usosInsumos | accion:Acceso a la lista de usos de insumos | ip:::1 | datos:{"totalUsos":5}
2025-11-30T20:51:50.454Z | userId:10 | user:pau | ruta:/insumos | accion:Acceder a la lista de insumos | ip:::1 | datos:{}
2025-11-30T20:51:54.054Z | userId:10 | user:pau | ruta:/users/profile | accion:Ver perfil | ip:::1 | datos:{"userId":10,"email":"c@gmail.com"}
2025-11-30T20:55:46.938Z | userId:10 | user:pau | ruta:/users/profile | accion:Ver perfil | ip:::1 | datos:{"userId":10,"email":"c@gmail.com"}
2025-11-30T20:56:41.856Z | userId:10 | user:pau | ruta:/estudiantes | accion:Listar estudiantes | ip:::1 | datos:{}
2025-11-30T21:00:03.153Z | userId:10 | user:pau | ruta:/estudiantes | accion:Listar estudiantes | ip:::1 | datos:{}
2025-11-30T21:00:04.168Z | userId:10 | user:pau | ruta:/estudiantes | accion:Listar estudiantes | ip:::1 | datos:{}
2025-11-30T21:00:05.011Z | userId:10 | user:pau | ruta:/herramientas | accion:Listar herramientas | ip:::1 | datos:{"totalHerramientas":6}
2025-11-30T21:00:06.084Z | userId:10 | user:pau | ruta:/prestamos | accion:Listar préstamos | ip:::1 | datos:{}
2025-11-30T21:00:07.756Z | userId:10 | user:pau | ruta:/insumos | accion:Acceder a la lista de insumos | ip:::1 | datos:{}
2025-11-30T21:00:08.371Z | userId:10 | user:pau | ruta:/herramientas | accion:Listar herramientas | ip:::1 | datos:{"totalHerramientas":6}
2025-11-30T21:00:40.220Z | userId:10 | user:pau | ruta:/estudiantes | accion:Listar estudiantes | ip:::1 | datos:{}
2025-11-30T21:00:42.700Z | userId:10 | user:pau | ruta:/herramientas | accion:Listar herramientas | ip:::1 | datos:{"totalHerramientas":6}
2025-11-30T21:03:12.731Z | userId:10 | user:pau | ruta:/herramientas | accion:Listar herramientas | ip:::1 | datos:{"totalHerramientas":6}
2025-11-30T21:04:02.164Z | userId:10 | user:pau | ruta:/estudiantes | accion:Listar estudiantes | ip:::1 | datos:{}
2025-11-30T21:04:03.629Z | userId:10 | user:pau | ruta:/herramientas | accion:Listar herramientas | ip:::1 | datos:{"totalHerramientas":6}
2025-11-30T21:04:13.069Z | userId:10 | user:pau | ruta:/herramientas | accion:Listar herramientas | ip:::1 | datos:{"totalHerramientas":6}
2025-11-30T21:04:30.190Z | userId:10 | user:pau | ruta:/herramientas | accion:Listar herramientas | ip:::1 | datos:{"totalHerramientas":6}
2025-11-30T21:04:31.436Z | userId:10 | user:pau | ruta:/estudiantes | accion:Listar estudiantes | ip:::1 | datos:{}
2025-11-30T21:04:32.485Z | userId:10 | user:pau | ruta:/herramientas | accion:Listar herramientas | ip:::1 | datos:{"totalHerramientas":6}
2025-11-30T21:04:33.550Z | userId:10 | user:pau | ruta:/prestamos | accion:Listar préstamos | ip:::1 | datos:{}
2025-11-30T21:04:35.053Z | userId:10 | user:pau | ruta:/insumos | accion:Acceder a la lista de insumos | ip:::1 | datos:{}
2025-11-30T21:05:10.972Z | userId:10 | user:pau | ruta:/insumos | accion:Acceder a la lista de insumos | ip:::1 | datos:{}
2025-11-30T21:05:13.344Z | userId:10 | user:pau | ruta:/usosInsumos | accion:Acceso a la lista de usos de insumos | ip:::1 | datos:{"totalUsos":5}
2025-11-30T21:05:26.472Z | userId:10 | user:pau | ruta:/insumos | accion:Acceder a la lista de insumos | ip:::1 | datos:{}
2025-11-30T21:06:48.051Z | userId:10 | user:pau | ruta:/prestamos | accion:Listar préstamos | ip:::1 | datos:{}
2025-11-30T21:08:36.387Z | userId:10 | user:pau | ruta:/prestamos | accion:Listar préstamos | ip:::1 | datos:{}
2025-11-30T21:09:43.819Z | userId:10 | user:pau | ruta:/prestamos | accion:Listar préstamos | ip:::1 | datos:{}
2025-11-30T21:09:59.480Z | userId:10 | user:pau | ruta:/prestamos/add | accion:Mostrar formulario de creación de préstamo | ip:::1 | datos:{}
2025-11-30T21:11:02.868Z | userId:10 | user:pau | ruta:/herramientas | accion:Listar herramientas | ip:::1 | datos:{"totalHerramientas":6}
2025-11-30T21:11:06.866Z | userId:10 | user:pau | ruta:/prestamos | accion:Listar préstamos | ip:::1 | datos:{}
2025-11-30T21:11:22.052Z | userId:10 | user:pau | ruta:/prestamos | accion:Listar préstamos | ip:::1 | datos:{}
2025-11-30T21:11:23.522Z | userId:10 | user:pau | ruta:/prestamos | accion:Listar préstamos | ip:::1 | datos:{}
2025-11-30T21:11:28.996Z | userId:10 | user:pau | ruta:/usosInsumos | accion:Acceso a la lista de usos de insumos | ip:::1 | datos:{"totalUsos":5}
2025-11-30T21:11:30.186Z | userId:10 | user:pau | ruta:/insumos | accion:Acceder a la lista de insumos | ip:::1 | datos:{}
2025-11-30T21:11:31.052Z | userId:10 | user:pau | ruta:/prestamos | accion:Listar préstamos | ip:::1 | datos:{}
2025-11-30T21:12:08.375Z | userId:10 | user:pau | ruta:/usosInsumos | accion:Acceso a la lista de usos de insumos | ip:::1 | datos:{"totalUsos":5}
2025-11-30T23:14:25.539Z | userId:anon | user:anon | ruta:/usosInsumos | accion:Acceso a la lista de usos de insumos | ip:::1 | datos:{"totalUsos":5}
2025-11-30T23:14:30.483Z | userId:anon | user:anon | ruta:/ | accion:Acceder al índice | ip:::1 | datos:{}
2025-11-30T23:14:37.653Z | userId:anon | user:anon | ruta:/users/login | accion:POST /users/login | ip:::1 | datos:{"body":{"email":"c@gmail.com","password":"12345678"}}
2025-11-30T23:14:37.711Z | userId:10 | user:pau | ruta:/users/login | accion:Iniciar sesión | ip:::1 | datos:{"userId":10,"email":"c@gmail.com"}
2025-11-30T23:14:37.726Z | userId:10 | user:pau | ruta:/ | accion:Acceder al índice | ip:::1 | datos:{}
2025-11-30T23:14:38.942Z | userId:10 | user:pau | ruta:/ | accion:Acceder al índice | ip:::1 | datos:{}
2025-11-30T23:14:39.522Z | userId:10 | user:pau | ruta:/estudiantes | accion:Listar estudiantes | ip:::1 | datos:{}
2025-11-30T23:14:40.714Z | userId:10 | user:pau | ruta:/herramientas | accion:Listar herramientas | ip:::1 | datos:{"totalHerramientas":6}
2025-11-30T23:14:42.339Z | userId:10 | user:pau | ruta:/prestamos | accion:Listar préstamos | ip:::1 | datos:{}
2025-11-30T23:14:42.849Z | userId:10 | user:pau | ruta:/insumos | accion:Acceder a la lista de insumos | ip:::1 | datos:{}
2025-11-30T23:14:43.339Z | userId:10 | user:pau | ruta:/usosInsumos | accion:Acceso a la lista de usos de insumos | ip:::1 | datos:{"totalUsos":5}
2025-11-30T23:14:43.865Z | userId:10 | user:pau | ruta:/users/profile | accion:Ver perfil | ip:::1 | datos:{"userId":10,"email":"c@gmail.com"}
2025-11-30T23:14:44.971Z | userId:10 | user:pau | ruta:/usosInsumos | accion:Acceso a la lista de usos de insumos | ip:::1 | datos:{"totalUsos":5}
2025-11-30T23:14:49.258Z | userId:10 | user:pau | ruta:/insumos | accion:Acceder a la lista de insumos | ip:::1 | datos:{}
2025-11-30T23:14:55.130Z | userId:10 | user:pau | ruta:/herramientas | accion:Listar herramientas | ip:::1 | datos:{"totalHerramientas":6}
2025-11-30T23:14:55.836Z | userId:10 | user:pau | ruta:/ | accion:Acceder al índice | ip:::1 | datos:{}
2025-11-30T23:14:56.448Z | userId:10 | user:pau | ruta:/estudiantes | accion:Listar estudiantes | ip:::1 | datos:{}
2025-11-30T23:15:00.901Z | userId:10 | user:pau | ruta:/ | accion:Acceder al índice | ip:::1 | datos:{}
2025-11-30T23:16:22.296Z | userId:10 | user:pau | ruta:/prestamos | accion:Listar préstamos | ip:::1 | datos:{}
2025-11-30T23:19:05.333Z | userId:10 | user:pau | ruta:/users/profile | accion:Ver perfil | ip:::1 | datos:{"userId":10,"email":"c@gmail.com"}
2025-11-30T23:19:10.736Z | userId:10 | user:pau | ruta:/users/profile | accion:POST /users/profile | ip:::1 | datos:{"body":{}}
2025-11-30T23:19:10.737Z | userId:10 | user:pau | ruta:/users/profile | accion:Cerrar sesión | ip:::1 | datos:{"userId":10,"email":"c@gmail.com"}
2025-11-30T23:19:15.981Z | userId:anon | user:anon | ruta:/users/login | accion:POST /users/login | ip:::1 | datos:{"body":{"email":"c@gmail.com","password":"12345678"}}
2025-11-30T23:19:16.033Z | userId:10 | user:pau | ruta:/users/login | accion:Iniciar sesión | ip:::1 | datos:{"userId":10,"email":"c@gmail.com"}
2025-11-30T23:19:16.043Z | userId:10 | user:pau | ruta:/ | accion:Acceder al índice | ip:::1 | datos:{}
2025-11-30T23:19:17.706Z | userId:10 | user:pau | ruta:/estudiantes | accion:Listar estudiantes | ip:::1 | datos:{}
2025-11-30T23:22:32.569Z | userId:10 | user:pau | ruta:/audit | accion:Listar audit logs | ip:::1 | datos:{"termino":"","pagina":1}
2025-11-30T23:22:34.599Z | userId:10 | user:pau | ruta:/prestamos | accion:Listar préstamos | ip:::1 | datos:{}
2025-11-30T23:22:35.533Z | userId:10 | user:pau | ruta:/herramientas | accion:Listar herramientas | ip:::1 | datos:{"totalHerramientas":6}
2025-11-30T23:22:36.318Z | userId:10 | user:pau | ruta:/audit | accion:Listar audit logs | ip:::1 | datos:{"termino":"","pagina":1}
2025-11-30T23:22:37.007Z | userId:10 | user:pau | ruta:/prestamos | accion:Listar préstamos | ip:::1 | datos:{}
2025-11-30T23:23:25.475Z | userId:10 | user:pau | ruta:/audit | accion:Listar audit logs | ip:::1 | datos:{"termino":"","pagina":1}
2025-11-30T23:24:44.606Z | userId:10 | user:pau | ruta:/estudiantes | accion:Listar estudiantes | ip:::1 | datos:{}
2025-11-30T23:24:45.151Z | userId:10 | user:pau | ruta:/herramientas | accion:Listar herramientas | ip:::1 | datos:{"totalHerramientas":6}
2025-11-30T23:24:45.765Z | userId:10 | user:pau | ruta:/estudiantes | accion:Listar estudiantes | ip:::1 | datos:{}
2025-11-30T23:25:01.835Z | userId:10 | user:pau | ruta:/estudiantes | accion:Listar estudiantes | ip:::1 | datos:{}
2025-11-30T23:25:17.768Z | userId:10 | user:pau | ruta:/users/profile | accion:Ver perfil | ip:::1 | datos:{"userId":10,"email":"c@gmail.com"}
2025-11-30T23:25:19.315Z | userId:10 | user:pau | ruta:/ | accion:Acceder al índice | ip:::1 | datos:{}
2025-11-30T23:25:20.264Z | userId:10 | user:pau | ruta:/users/profile | accion:Ver perfil | ip:::1 | datos:{"userId":10,"email":"c@gmail.com"}
2025-11-30T23:25:21.814Z | userId:10 | user:pau | ruta:/users/profile | accion:Cerrar sesión | ip:::1 | datos:{"userId":10,"email":"c@gmail.com"}
2025-11-30T23:25:21.814Z | userId:10 | user:pau | ruta:/users/profile | accion:POST /users/profile | ip:::1 | datos:{"body":{}}
2025-11-30T23:25:30.665Z | userId:anon | user:anon | ruta:/users/login | accion:POST /users/login | ip:::1 | datos:{"body":{"email":"c@gmail.com","password":"12345678"}}
2025-11-30T23:25:30.714Z | userId:10 | user:pau | ruta:/users/login | accion:Iniciar sesión | ip:::1 | datos:{"userId":10,"email":"c@gmail.com"}
2025-11-30T23:25:30.725Z | userId:10 | user:pau | ruta:/ | accion:Acceder al índice | ip:::1 | datos:{}
2025-11-30T23:25:32.947Z | userId:10 | user:pau | ruta:/ | accion:Acceder al índice | ip:::1 | datos:{}
2025-11-30T23:25:33.367Z | userId:10 | user:pau | ruta:/herramientas | accion:Listar herramientas | ip:::1 | datos:{"totalHerramientas":6}
2025-11-30T23:25:33.865Z | userId:10 | user:pau | ruta:/prestamos | accion:Listar préstamos | ip:::1 | datos:{}
2025-11-30T23:25:34.183Z | userId:10 | user:pau | ruta:/insumos | accion:Acceder a la lista de insumos | ip:::1 | datos:{}
2025-11-30T23:25:34.537Z | userId:10 | user:pau | ruta:/usosInsumos | accion:Acceso a la lista de usos de insumos | ip:::1 | datos:{"totalUsos":5}
2025-11-30T23:25:35.255Z | userId:10 | user:pau | ruta:/users/profile | accion:Ver perfil | ip:::1 | datos:{"userId":10,"email":"c@gmail.com"}
2025-11-30T23:25:36.081Z | userId:10 | user:pau | ruta:/herramientas | accion:Listar herramientas | ip:::1 | datos:{"totalHerramientas":6}
2025-11-30T23:26:15.113Z | userId:10 | user:pau | ruta:/users/profile | accion:Ver perfil | ip:::1 | datos:{"userId":10,"email":"c@gmail.com"}
2025-11-30T23:26:27.556Z | userId:10 | user:pau | ruta:/ | accion:Acceder al índice | ip:::1 | datos:{}
2025-11-30T23:26:29.186Z | userId:10 | user:pau | ruta:/ | accion:Acceder al índice | ip:::1 | datos:{}
2025-11-30T23:26:30.256Z | userId:10 | user:pau | ruta:/users/profile | accion:Ver perfil | ip:::1 | datos:{"userId":10,"email":"c@gmail.com"}
2025-11-30T23:26:31.650Z | userId:10 | user:pau | ruta:/users/profile | accion:POST /users/profile | ip:::1 | datos:{"body":{}}
2025-11-30T23:26:31.650Z | userId:10 | user:pau | ruta:/users/profile | accion:Cerrar sesión | ip:::1 | datos:{"userId":10,"email":"c@gmail.com"}
2025-11-30T23:26:36.768Z | userId:anon | user:anon | ruta:/users/login | accion:POST /users/login | ip:::1 | datos:{"body":{"email":"c@gmail.com","password":"12345678"}}
2025-11-30T23:26:36.817Z | userId:10 | user:pau | ruta:/users/login | accion:Iniciar sesión | ip:::1 | datos:{"userId":10,"email":"c@gmail.com"}
2025-11-30T23:26:36.828Z | userId:10 | user:pau | ruta:/ | accion:Acceder al índice | ip:::1 | datos:{}
2025-11-30T23:26:40.812Z | userId:10 | user:pau | ruta:/ | accion:Acceder al índice | ip:::1 | datos:{}
2025-11-30T23:26:41.384Z | userId:10 | user:pau | ruta:/herramientas | accion:Listar herramientas | ip:::1 | datos:{"totalHerramientas":6}
2025-11-30T23:26:45.066Z | userId:10 | user:pau | ruta:/prestamos | accion:Listar préstamos | ip:::1 | datos:{}
2025-11-30T23:26:46.617Z | userId:10 | user:pau | ruta:/prestamos | accion:Listar préstamos | ip:::1 | datos:{}
2025-11-30T23:26:47.033Z | userId:10 | user:pau | ruta:/herramientas | accion:Listar herramientas | ip:::1 | datos:{"totalHerramientas":6}
2025-11-30T23:27:14.289Z | userId:10 | user:pau | ruta:/herramientas | accion:Listar herramientas | ip:::1 | datos:{"totalHerramientas":6}
2025-11-30T23:27:15.271Z | userId:10 | user:pau | ruta:/estudiantes | accion:Listar estudiantes | ip:::1 | datos:{}
2025-11-30T23:27:24.993Z | userId:10 | user:pau | ruta:/herramientas | accion:Listar herramientas | ip:::1 | datos:{"totalHerramientas":6}
2025-11-30T23:27:26.450Z | userId:10 | user:pau | ruta:/prestamos | accion:Listar préstamos | ip:::1 | datos:{}
2025-11-30T23:27:27.201Z | userId:10 | user:pau | ruta:/prestamos | accion:Listar préstamos | ip:::1 | datos:{}
2025-11-30T23:27:35.404Z | userId:10 | user:pau | ruta:/audit | accion:Listar audit logs | ip:::1 | datos:{"termino":"","pagina":1}
2025-11-30T23:28:29.124Z | userId:10 | user:pau | ruta:/audit | accion:Listar audit logs | ip:::1 | datos:{"termino":"","pagina":1}
2025-11-30T23:31:35.606Z | userId:10 | user:pau | ruta:/audit | accion:Listar audit logs | ip:::1 | datos:{"termino":"","pagina":1}
2025-11-30T23:31:57.336Z | userId:10 | user:pau | ruta:/audit?q=&page=19 | accion:Listar audit logs | ip:::1 | datos:{"termino":"","pagina":19}
2025-11-30T23:32:00.844Z | userId:10 | user:pau | ruta:/audit?q=&page=1 | accion:Listar audit logs | ip:::1 | datos:{"termino":"","pagina":1}
2025-11-30T23:39:06.527Z | userId:anon | user:anon | ruta:/ | accion:Acceder al índice | ip:::1 | datos:{}
2025-11-30T23:39:14.429Z | userId:anon | user:anon | ruta:/users/login | accion:POST /users/login | ip:::1 | datos:{"body":{"email":"c@gmail.com","password":"12345678"}}
2025-11-30T23:39:14.488Z | userId:10 | user:pau | ruta:/users/login | accion:Iniciar sesión | ip:::1 | datos:{"userId":10,"email":"c@gmail.com"}
2025-11-30T23:39:14.501Z | userId:10 | user:pau | ruta:/ | accion:Acceder al índice | ip:::1 | datos:{}
2025-11-30T23:39:15.804Z | userId:10 | user:pau | ruta:/audit | accion:Listar audit logs | ip:::1 | datos:{"termino":"","pagina":1}
2025-11-30T23:39:16.320Z | userId:10 | user:pau | ruta:/insumos | accion:Acceder a la lista de insumos | ip:::1 | datos:{}
2025-11-30T23:39:17.020Z | userId:10 | user:pau | ruta:/usosInsumos | accion:Acceso a la lista de usos de insumos | ip:::1 | datos:{"totalUsos":5}
2025-11-30T23:39:17.610Z | userId:10 | user:pau | ruta:/audit | accion:Listar audit logs | ip:::1 | datos:{"termino":"","pagina":1}
2025-11-30T23:39:20.869Z | userId:10 | user:pau | ruta:/audit?q=&page=19 | accion:Listar audit logs | ip:::1 | datos:{"termino":"","pagina":19}
2025-11-30T23:39:24.292Z | userId:10 | user:pau | ruta:/audit?q=&page=14 | accion:Listar audit logs | ip:::1 | datos:{"termino":"","pagina":14}
2025-11-30T23:39:26.716Z | userId:10 | user:pau | ruta:/audit?q=&page=12 | accion:Listar audit logs | ip:::1 | datos:{"termino":"","pagina":12}
2025-11-30T23:39:29.645Z | userId:10 | user:pau | ruta:/audit?q=&page=10 | accion:Listar audit logs | ip:::1 | datos:{"termino":"","pagina":10}
2025-11-30T23:40:08.923Z | userId:10 | user:pau | ruta:/insumos | accion:Acceder a la lista de insumos | ip:::1 | datos:{}
2025-11-30T23:40:23.303Z | userId:10 | user:pau | ruta:/insumos | accion:Acceder a la lista de insumos | ip:::1 | datos:{}
2025-11-30T23:40:26.045Z | userId:10 | user:pau | ruta:/audit | accion:Listar audit logs | ip:::1 | datos:{"termino":"","pagina":1}
2025-11-30T23:40:31.216Z | userId:10 | user:pau | ruta:/users/profile | accion:Ver perfil | ip:::1 | datos:{"userId":10,"email":"c@gmail.com"}
2025-11-30T23:40:32.641Z | userId:10 | user:pau | ruta:/users/profile | accion:POST /users/profile | ip:::1 | datos:{"body":{}}
2025-11-30T23:40:32.642Z | userId:10 | user:pau | ruta:/users/profile | accion:Cerrar sesión | ip:::1 | datos:{"userId":10,"email":"c@gmail.com"}
2025-11-30T23:40:55.224Z | userId:anon | user:anon | ruta:/users/login | accion:POST /users/login | ip:::1 | datos:{"body":{"email":"c@gmail.com","password":"12345678"}}
2025-11-30T23:40:55.274Z | userId:10 | user:pau | ruta:/users/login | accion:Iniciar sesión | ip:::1 | datos:{"userId":10,"email":"c@gmail.com"}
2025-11-30T23:40:55.287Z | userId:10 | user:pau | ruta:/ | accion:Acceder al índice | ip:::1 | datos:{}
2025-11-30T23:40:57.003Z | userId:10 | user:pau | ruta:/audit | accion:Listar audit logs | ip:::1 | datos:{"termino":"","pagina":1}
2025-11-30T23:41:25.384Z | userId:10 | user:pau | ruta:/estudiantes | accion:Listar estudiantes | ip:::1 | datos:{}
2025-11-30T23:41:26.523Z | userId:10 | user:pau | ruta:/herramientas | accion:Listar herramientas | ip:::1 | datos:{"totalHerramientas":6}
2025-11-30T23:41:26.939Z | userId:10 | user:pau | ruta:/prestamos | accion:Listar préstamos | ip:::1 | datos:{}
2025-11-30T23:41:27.270Z | userId:10 | user:pau | ruta:/audit | accion:Listar audit logs | ip:::1 | datos:{"termino":"","pagina":1}
2025-11-30T23:41:27.763Z | userId:10 | user:pau | ruta:/users/ | accion:Listar usuarios | ip:::1 | datos:{"userId":10}
2025-11-30T23:41:30.521Z | userId:10 | user:pau | ruta:/insumos | accion:Acceder a la lista de insumos | ip:::1 | datos:{}
2025-11-30T23:41:32.283Z | userId:10 | user:pau | ruta:/usosInsumos | accion:Acceso a la lista de usos de insumos | ip:::1 | datos:{"totalUsos":5}
2025-11-30T23:41:34.153Z | userId:10 | user:pau | ruta:/users/profile | accion:Ver perfil | ip:::1 | datos:{"userId":10,"email":"c@gmail.com"}
2025-11-30T23:42:16.633Z | userId:10 | user:pau | ruta:/estudiantes | accion:Listar estudiantes | ip:::1 | datos:{}
2025-11-30T23:42:18.217Z | userId:10 | user:pau | ruta:/herramientas | accion:Listar herramientas | ip:::1 | datos:{"totalHerramientas":6}
2025-11-30T23:42:20.147Z | userId:10 | user:pau | ruta:/prestamos | accion:Listar préstamos | ip:::1 | datos:{}
2025-11-30T23:42:22.885Z | userId:10 | user:pau | ruta:/audit | accion:Listar audit logs | ip:::1 | datos:{"termino":"","pagina":1}
2025-11-30T23:43:14.721Z | userId:10 | user:pau | ruta:/estudiantes | accion:Listar estudiantes | ip:::1 | datos:{}
2025-11-30T23:43:15.878Z | userId:10 | user:pau | ruta:/audit | accion:Listar audit logs | ip:::1 | datos:{"termino":"","pagina":1}
2025-11-30T23:43:17.267Z | userId:10 | user:pau | ruta:/audit | accion:Listar audit logs | ip:::1 | datos:{"termino":"","pagina":1}
2025-11-30T23:43:17.971Z | userId:10 | user:pau | ruta:/audit | accion:Listar audit logs | ip:::1 | datos:{"termino":"","pagina":1}
2025-11-30T23:45:25.744Z | userId:10 | user:pau | ruta:/usosInsumos | accion:Acceso a la lista de usos de insumos | ip:::1 | datos:{"totalUsos":5}
2025-11-30T23:45:27.307Z | userId:10 | user:pau | ruta:/users/profile | accion:Ver perfil | ip:::1 | datos:{"userId":10,"email":"c@gmail.com"}
2025-11-30T23:45:29.134Z | userId:10 | user:pau | ruta:/users/profile | accion:POST /users/profile | ip:::1 | datos:{"body":{}}
2025-11-30T23:45:29.134Z | userId:10 | user:pau | ruta:/users/profile | accion:Cerrar sesión | ip:::1 | datos:{"userId":10,"email":"c@gmail.com"}
2025-11-30T23:45:35.952Z | userId:anon | user:anon | ruta:/users/login | accion:POST /users/login | ip:::1 | datos:{"body":{"email":"c@gmail.com","password":"12345678"}}
2025-11-30T23:45:35.999Z | userId:10 | user:pau | ruta:/users/login | accion:Iniciar sesión | ip:::1 | datos:{"userId":10,"email":"c@gmail.com"}
2025-11-30T23:45:36.010Z | userId:10 | user:pau | ruta:/ | accion:Acceder al índice | ip:::1 | datos:{}
2025-11-30T23:45:36.838Z | userId:10 | user:pau | ruta:/audit | accion:Listar audit logs | ip:::1 | datos:{"termino":"","pagina":1}
2025-11-30T23:45:45.046Z | userId:10 | user:pau | ruta:/prestamos | accion:Listar préstamos | ip:::1 | datos:{}
2025-11-30T23:45:45.838Z | userId:10 | user:pau | ruta:/audit | accion:Listar audit logs | ip:::1 | datos:{"termino":"","pagina":1}
2025-11-30T23:45:46.502Z | userId:10 | user:pau | ruta:/users/ | accion:Listar usuarios | ip:::1 | datos:{"userId":10}
2025-11-30T23:45:46.988Z | userId:10 | user:pau | ruta:/insumos | accion:Acceder a la lista de insumos | ip:::1 | datos:{}
2025-11-30T23:45:48.102Z | userId:10 | user:pau | ruta:/usosInsumos | accion:Acceso a la lista de usos de insumos | ip:::1 | datos:{"totalUsos":5}
2025-11-30T23:46:03.702Z | userId:10 | user:pau | ruta:/users/ | accion:Listar usuarios | ip:::1 | datos:{"userId":10}
2025-11-30T23:46:04.602Z | userId:10 | user:pau | ruta:/users/ | accion:Listar usuarios | ip:::1 | datos:{"userId":10}
2025-11-30T23:46:05.526Z | userId:10 | user:pau | ruta:/herramientas | accion:Listar herramientas | ip:::1 | datos:{"totalHerramientas":6}
2025-11-30T23:46:06.401Z | userId:10 | user:pau | ruta:/herramientas | accion:Listar herramientas | ip:::1 | datos:{"totalHerramientas":6}
2025-11-30T23:46:07.644Z | userId:10 | user:pau | ruta:/users/profile | accion:Ver perfil | ip:::1 | datos:{"userId":10,"email":"c@gmail.com"}
2025-11-30T23:46:09.002Z | userId:10 | user:pau | ruta:/users/profile | accion:POST /users/profile | ip:::1 | datos:{"body":{}}
2025-11-30T23:46:09.002Z | userId:10 | user:pau | ruta:/users/profile | accion:Cerrar sesión | ip:::1 | datos:{"userId":10,"email":"c@gmail.com"}
2025-11-30T23:46:14.402Z | userId:anon | user:anon | ruta:/users/login | accion:POST /users/login | ip:::1 | datos:{"body":{"email":"c@gmail.com","password":"12345678"}}
2025-11-30T23:46:14.451Z | userId:10 | user:pau | ruta:/users/login | accion:Iniciar sesión | ip:::1 | datos:{"userId":10,"email":"c@gmail.com"}
2025-11-30T23:46:14.462Z | userId:10 | user:pau | ruta:/ | accion:Acceder al índice | ip:::1 | datos:{}
2025-11-30T23:46:16.275Z | userId:10 | user:pau | ruta:/estudiantes | accion:Listar estudiantes | ip:::1 | datos:{}
2025-11-30T23:46:17.580Z | userId:10 | user:pau | ruta:/herramientas | accion:Listar herramientas | ip:::1 | datos:{"totalHerramientas":6}
2025-11-30T23:46:18.837Z | userId:10 | user:pau | ruta:/prestamos | accion:Listar préstamos | ip:::1 | datos:{}
2025-11-30T23:46:20.863Z | userId:10 | user:pau | ruta:/audit | accion:Listar audit logs | ip:::1 | datos:{"termino":"","pagina":1}
2025-11-30T23:46:23.679Z | userId:10 | user:pau | ruta:/insumos | accion:Acceder a la lista de insumos | ip:::1 | datos:{}
2025-11-30T23:46:24.815Z | userId:10 | user:pau | ruta:/usosInsumos | accion:Acceso a la lista de usos de insumos | ip:::1 | datos:{"totalUsos":5}
2025-11-30T23:46:25.764Z | userId:10 | user:pau | ruta:/insumos | accion:Acceder a la lista de insumos | ip:::1 | datos:{}
2025-11-30T23:46:34.232Z | userId:10 | user:pau | ruta:/audit | accion:Listar audit logs | ip:::1 | datos:{"termino":"","pagina":1}
2025-11-30T23:49:39.871Z | userId:10 | user:pau | ruta:/estudiantes | accion:Listar estudiantes | ip:::1 | datos:{}
2025-11-30T23:49:40.342Z | userId:10 | user:pau | ruta:/herramientas | accion:Listar herramientas | ip:::1 | datos:{"totalHerramientas":6}
2025-11-30T23:49:40.679Z | userId:10 | user:pau | ruta:/prestamos | accion:Listar préstamos | ip:::1 | datos:{}
2025-11-30T23:49:41.010Z | userId:10 | user:pau | ruta:/audit | accion:Listar audit logs | ip:::1 | datos:{"termino":"","pagina":1}
2025-11-30T23:51:55.427Z | userId:10 | user:pau | ruta:/users/profile | accion:Ver perfil | ip:::1 | datos:{"userId":10,"email":"c@gmail.com"}
2025-11-30T23:52:00.330Z | userId:10 | user:pau | ruta:/users/profile | accion:POST /users/profile | ip:::1 | datos:{"body":{}}
2025-11-30T23:52:00.331Z | userId:10 | user:pau | ruta:/users/profile | accion:Cerrar sesión | ip:::1 | datos:{"userId":10,"email":"c@gmail.com"}
2025-11-30T23:52:06.981Z | userId:anon | user:anon | ruta:/users/login | accion:POST /users/login | ip:::1 | datos:{"body":{"email":"c@gmail.com","password":"12345678"}}
2025-11-30T23:52:07.031Z | userId:10 | user:pau | ruta:/users/login | accion:Iniciar sesión | ip:::1 | datos:{"userId":10,"email":"c@gmail.com"}
2025-11-30T23:52:07.042Z | userId:10 | user:pau | ruta:/ | accion:Acceder al índice | ip:::1 | datos:{}
2025-11-30T23:52:08.491Z | userId:10 | user:pau | ruta:/audit | accion:Listar audit logs | ip:::1 | datos:{"termino":"","pagina":1}
2025-11-30T23:54:37.303Z | userId:10 | user:pau | ruta:/audit | accion:Listar audit logs | ip:::1 | datos:{"termino":"","pagina":1}
2025-11-30T23:54:38.210Z | userId:10 | user:pau | ruta:/estudiantes | accion:Listar estudiantes | ip:::1 | datos:{}
2025-11-30T23:54:39.059Z | userId:10 | user:pau | ruta:/herramientas | accion:Listar herramientas | ip:::1 | datos:{"totalHerramientas":6}
2025-11-30T23:54:39.572Z | userId:10 | user:pau | ruta:/prestamos | accion:Listar préstamos | ip:::1 | datos:{}
2025-11-30T23:54:39.964Z | userId:10 | user:pau | ruta:/audit | accion:Listar audit logs | ip:::1 | datos:{"termino":"","pagina":1}
2025-11-30T23:54:49.670Z | userId:10 | user:pau | ruta:/audit | accion:Listar audit logs | ip:::1 | datos:{"termino":"","pagina":1}
2025-11-30T23:57:37.361Z | userId:10 | user:pau | ruta:/audit | accion:Listar audit logs | ip:::1 | datos:{"termino":"","pagina":1}
2025-11-30T23:58:01.836Z | userId:10 | user:pau | ruta:/insumos | accion:Acceder a la lista de insumos | ip:::1 | datos:{}
2025-11-30T23:58:03.733Z | userId:10 | user:pau | ruta:/usosInsumos | accion:Acceso a la lista de usos de insumos | ip:::1 | datos:{"totalUsos":5}
2025-11-30T23:58:04.487Z | userId:10 | user:pau | ruta:/audit | accion:Listar audit logs | ip:::1 | datos:{"termino":"","pagina":1}
2025-11-30T23:58:04.869Z | userId:10 | user:pau | ruta:/herramientas | accion:Listar herramientas | ip:::1 | datos:{"totalHerramientas":6}
2025-11-30T23:58:05.594Z | userId:10 | user:pau | ruta:/estudiantes | accion:Listar estudiantes | ip:::1 | datos:{}
2025-11-30T23:58:06.442Z | userId:10 | user:pau | ruta:/herramientas | accion:Listar herramientas | ip:::1 | datos:{"totalHerramientas":6}
2025-11-30T23:58:06.779Z | userId:10 | user:pau | ruta:/prestamos | accion:Listar préstamos | ip:::1 | datos:{}
2025-11-30T23:58:07.197Z | userId:10 | user:pau | ruta:/audit | accion:Listar audit logs | ip:::1 | datos:{"termino":"","pagina":1}
2025-11-30T23:58:07.676Z | userId:10 | user:pau | ruta:/insumos | accion:Acceder a la lista de insumos | ip:::1 | datos:{}
2025-11-30T23:58:08.325Z | userId:10 | user:pau | ruta:/usosInsumos | accion:Acceso a la lista de usos de insumos | ip:::1 | datos:{"totalUsos":5}
2025-11-30T23:58:09.339Z | userId:10 | user:pau | ruta:/users/profile | accion:Ver perfil | ip:::1 | datos:{"userId":10,"email":"c@gmail.com"}
2025-11-30T23:58:09.957Z | userId:10 | user:pau | ruta:/usosInsumos | accion:Acceso a la lista de usos de insumos | ip:::1 | datos:{"totalUsos":5}
2025-11-30T23:58:43.894Z | userId:10 | user:pau | ruta:/herramientas | accion:Listar herramientas | ip:::1 | datos:{"totalHerramientas":6}
2025-12-01T00:00:25.439Z | userId:10 | user:pau | ruta:/herramientas | accion:Listar herramientas | ip:::1 | datos:{"totalHerramientas":6}
2025-12-01T00:00:27.876Z | userId:10 | user:pau | ruta:/estudiantes | accion:Listar estudiantes | ip:::1 | datos:{}
2025-12-01T00:00:39.278Z | userId:10 | user:pau | ruta:/insumos | accion:Acceder a la lista de insumos | ip:::1 | datos:{}
2025-12-01T00:01:08.654Z | userId:10 | user:pau | ruta:/insumos | accion:Acceder a la lista de insumos | ip:::1 | datos:{}
2025-12-01T00:01:15.693Z | userId:10 | user:pau | ruta:/estudiantes | accion:Listar estudiantes | ip:::1 | datos:{}
2025-12-01T00:02:29.850Z | userId:10 | user:pau | ruta:/prestamos | accion:Listar préstamos | ip:::1 | datos:{}
2025-12-01T00:02:35.922Z | userId:10 | user:pau | ruta:/audit | accion:Listar audit logs | ip:::1 | datos:{"termino":"","pagina":1}
2025-12-01T00:02:39.606Z | userId:10 | user:pau | ruta:/insumos | accion:Acceder a la lista de insumos | ip:::1 | datos:{}
2025-12-01T00:02:41.216Z | userId:10 | user:pau | ruta:/usosInsumos | accion:Acceso a la lista de usos de insumos | ip:::1 | datos:{"totalUsos":5}
2025-12-01T00:02:49.303Z | userId:10 | user:pau | ruta:/users/profile | accion:Ver perfil | ip:::1 | datos:{"userId":10,"email":"c@gmail.com"}
2025-12-01T00:04:23.144Z | userId:10 | user:pau | ruta:/users/profile | accion:Ver perfil | ip:::1 | datos:{"userId":10,"email":"c@gmail.com"}
2025-12-01T00:04:28.915Z | userId:10 | user:pau | ruta:/usosInsumos | accion:Acceso a la lista de usos de insumos | ip:::1 | datos:{"totalUsos":5}
2025-12-01T00:04:29.479Z | userId:10 | user:pau | ruta:/users/profile | accion:Ver perfil | ip:::1 | datos:{"userId":10,"email":"c@gmail.com"}
2025-12-01T00:04:43.926Z | userId:10 | user:pau | ruta:/users/profile | accion:Ver perfil | ip:::1 | datos:{"userId":10,"email":"c@gmail.com"}
2025-12-01T00:04:44.799Z | userId:10 | user:pau | ruta:/users/profile | accion:Ver perfil | ip:::1 | datos:{"userId":10,"email":"c@gmail.com"}
2025-12-01T00:05:09.374Z | userId:10 | user:pau | ruta:/users/profile | accion:Ver perfil | ip:::1 | datos:{"userId":10,"email":"c@gmail.com"}
2025-12-01T00:05:44.078Z | userId:anon | user:anon | ruta:/users/generate-pdfs | accion:POST /users/generate-pdfs | ip:::1 | datos:{}
2025-12-01T00:07:03.471Z | userId:anon | user:anon | ruta:/herramientas | accion:Listar herramientas | ip:::1 | datos:{"totalHerramientas":6}
2025-12-01T00:07:09.564Z | userId:anon | user:anon | ruta:/ | accion:Acceder al índice | ip:::1 | datos:{}
2025-12-01T00:07:14.882Z | userId:anon | user:anon | ruta:/users/login | accion:POST /users/login | ip:::1 | datos:{"body":{"email":"c@gmail.com","password":"12345678"}}
2025-12-01T00:07:14.939Z | userId:10 | user:pau | ruta:/users/login | accion:Iniciar sesión | ip:::1 | datos:{"userId":10,"email":"c@gmail.com"}
2025-12-01T00:07:14.955Z | userId:10 | user:pau | ruta:/ | accion:Acceder al índice | ip:::1 | datos:{}
2025-12-01T00:07:16.077Z | userId:10 | user:pau | ruta:/usosInsumos | accion:Acceso a la lista de usos de insumos | ip:::1 | datos:{"totalUsos":5}
2025-12-01T00:07:16.810Z | userId:10 | user:pau | ruta:/users/profile | accion:Ver perfil | ip:::1 | datos:{"userId":10,"email":"c@gmail.com"}
2025-12-01T00:07:31.878Z | userId:10 | user:pau | ruta:/users/profile | accion:Ver perfil | ip:::1 | datos:{"userId":10,"email":"c@gmail.com"}
2025-12-01T00:08:05.229Z | userId:10 | user:pau | ruta:/users/profile | accion:POST /users/profile | ip:::1 | datos:{"body":{}}
2025-12-01T00:08:05.229Z | userId:10 | user:pau | ruta:/users/profile | accion:Cerrar sesión | ip:::1 | datos:{"userId":10,"email":"c@gmail.com"}
2025-12-01T00:08:10.577Z | userId:anon | user:anon | ruta:/users/login | accion:POST /users/login | ip:::1 | datos:{"body":{"email":"c@gmail.com","password":"12345678"}}
2025-12-01T00:08:10.625Z | userId:10 | user:pau | ruta:/users/login | accion:Iniciar sesión | ip:::1 | datos:{"userId":10,"email":"c@gmail.com"}
2025-12-01T00:08:10.639Z | userId:10 | user:pau | ruta:/ | accion:Acceder al índice | ip:::1 | datos:{}
2025-12-01T00:08:11.540Z | userId:10 | user:pau | ruta:/users/ | accion:Listar usuarios | ip:::1 | datos:{"userId":10}
2025-12-01T00:08:21.436Z | userId:10 | user:pau | ruta:/users/4/eliminar | accion:DELETE /users/4/eliminar | ip:::1 | datos:{}
2025-12-01T00:08:21.439Z | userId:10 | user:pau | ruta:/users/4/eliminar | accion:Programar eliminación de usuario | ip:::1 | datos:{"userId":4,"email":"b@gmail.com","fecha_eliminacion":"2025-12-03T00:08:21.439Z"}
2025-12-01T00:08:23.235Z | userId:10 | user:pau | ruta:/users/ | accion:Listar usuarios | ip:::1 | datos:{"userId":10}
2025-12-01T00:09:46.597Z | userId:10 | user:pau | ruta:/users/ | accion:Listar usuarios | ip:::1 | datos:{"userId":10}
2025-12-01T00:09:50.077Z | userId:10 | user:pau | ruta:/users/4/cancelar-eliminacion | accion:PUT /users/4/cancelar-eliminacion | ip:::1 | datos:{}
2025-12-01T00:09:50.080Z | userId:10 | user:pau | ruta:/users/4/cancelar-eliminacion | accion:Cancelar eliminación de usuario | ip:::1 | datos:{"userId":4,"email":"b@gmail.com"}
2025-12-01T00:09:50.987Z | userId:10 | user:pau | ruta:/users/ | accion:Listar usuarios | ip:::1 | datos:{"userId":10}
2025-12-01T00:10:02.813Z | userId:10 | user:pau | ruta:/users/4/eliminar | accion:DELETE /users/4/eliminar | ip:::1 | datos:{}
2025-12-01T00:10:02.817Z | userId:10 | user:pau | ruta:/users/4/eliminar | accion:Programar eliminación de usuario | ip:::1 | datos:{"userId":4,"email":"b@gmail.com","fecha_eliminacion":"2025-12-03T00:10:02.817Z"}
2025-12-01T00:10:03.483Z | userId:10 | user:pau | ruta:/users/ | accion:Listar usuarios | ip:::1 | datos:{"userId":10}
2025-12-01T00:10:05.349Z | userId:10 | user:pau | ruta:/users/4/cancelar-eliminacion | accion:PUT /users/4/cancelar-eliminacion | ip:::1 | datos:{}
2025-12-01T00:10:05.350Z | userId:10 | user:pau | ruta:/users/4/cancelar-eliminacion | accion:Cancelar eliminación de usuario | ip:::1 | datos:{"userId":4,"email":"b@gmail.com"}
2025-12-01T00:10:06.324Z | userId:10 | user:pau | ruta:/users/ | accion:Listar usuarios | ip:::1 | datos:{"userId":10}
2025-12-01T00:10:55.343Z | userId:10 | user:pau | ruta:/users/profile | accion:Ver perfil | ip:::1 | datos:{"userId":10,"email":"c@gmail.com"}
2025-12-01T00:10:56.137Z | userId:10 | user:pau | ruta:/ | accion:Acceder al índice | ip:::1 | datos:{}
2025-12-01T00:10:59.216Z | userId:10 | user:pau | ruta:/10/devolver | accion:POST /10/devolver | ip:::1 | datos:{"body":{"id":"10"}}
2025-12-01T00:10:59.222Z | userId:10 | user:pau | ruta:/10/devolver | accion:Devolver préstamo | ip:::1 | datos:{"id":"10"}
2025-12-01T00:10:59.233Z | userId:10 | user:pau | ruta:/ | accion:Acceder al índice | ip:::1 | datos:{}
2025-12-01T00:11:00.832Z | userId:10 | user:pau | ruta:/9/devolver | accion:POST /9/devolver | ip:::1 | datos:{"body":{"id":"9"}}
2025-12-01T00:11:00.835Z | userId:10 | user:pau | ruta:/9/devolver | accion:Devolver préstamo | ip:::1 | datos:{"id":"9"}
2025-12-01T00:11:00.846Z | userId:10 | user:pau | ruta:/ | accion:Acceder al índice | ip:::1 | datos:{}
2025-12-01T00:11:02.634Z | userId:10 | user:pau | ruta:/8/devolver | accion:POST /8/devolver | ip:::1 | datos:{"body":{"id":"8"}}
2025-12-01T00:11:02.637Z | userId:10 | user:pau | ruta:/8/devolver | accion:Devolver préstamo | ip:::1 | datos:{"id":"8"}
2025-12-01T00:11:02.648Z | userId:10 | user:pau | ruta:/ | accion:Acceder al índice | ip:::1 | datos:{}
2025-12-01T18:22:06.901Z | userId:anon | user:anon | ruta:/users/login | accion:POST /users/login | ip:::1 | datos:{"body":{"email":"c@gmail.com","password":"12345678"}}
2025-12-01T18:22:07.012Z | userId:10 | user:pau | ruta:/users/login | accion:Iniciar sesión | ip:::1 | datos:{"userId":10,"email":"c@gmail.com"}
2025-12-01T18:22:07.086Z | userId:10 | user:pau | ruta:/ | accion:Acceder al índice | ip:::1 | datos:{}
2025-12-01T18:23:12.382Z | userId:10 | user:pau | ruta:/estudiantes | accion:Listar estudiantes | ip:::1 | datos:{}
2025-12-01T18:23:13.712Z | userId:10 | user:pau | ruta:/herramientas | accion:Listar herramientas | ip:::1 | datos:{"totalHerramientas":6}
2025-12-01T18:23:14.359Z | userId:10 | user:pau | ruta:/prestamos | accion:Listar préstamos | ip:::1 | datos:{}
2025-12-01T18:23:16.399Z | userId:10 | user:pau | ruta:/users/profile | accion:Ver perfil | ip:::1 | datos:{"userId":10,"email":"c@gmail.com"}
2025-12-01T18:35:19.441Z | userId:10 | user:pau | ruta:/users/profile | accion:Ver perfil | ip:::1 | datos:{"userId":10,"email":"c@gmail.com"}
2025-12-01T18:48:30.174Z | userId:anon | user:anon | ruta:/ | accion:Acceder al índice | ip:::1 | datos:{}
2025-12-01T18:48:38.774Z | userId:anon | user:anon | ruta:/users/login | accion:POST /users/login | ip:::1 | datos:{"body":{"email":"c@gmail.com","password":"12345678"}}
2025-12-01T18:48:38.833Z | userId:10 | user:pau | ruta:/users/login | accion:Iniciar sesión | ip:::1 | datos:{"userId":10,"email":"c@gmail.com"}
2025-12-01T18:48:38.854Z | userId:10 | user:pau | ruta:/ | accion:Acceder al índice | ip:::1 | datos:{}
2025-12-01T18:48:43.968Z | userId:10 | user:pau | ruta:/users/profile | accion:Ver perfil | ip:::1 | datos:{"userId":10,"email":"c@gmail.com"}
2025-12-01T18:58:00.454Z | userId:anon | user:anon | ruta:/ | accion:Acceder al índice | ip:::1 | datos:{}
2025-12-01T18:58:07.345Z | userId:anon | user:anon | ruta:/users/login | accion:POST /users/login | ip:::1 | datos:{"body":{"email":"c@gmail.com","password":"12345678"}}
2025-12-01T18:58:07.405Z | userId:10 | user:pau | ruta:/users/login | accion:Iniciar sesión | ip:::1 | datos:{"userId":10,"email":"c@gmail.com"}
2025-12-01T18:58:07.418Z | userId:10 | user:pau | ruta:/ | accion:Acceder al índice | ip:::1 | datos:{}
2025-12-01T18:58:08.463Z | userId:10 | user:pau | ruta:/users/profile | accion:Ver perfil | ip:::1 | datos:{"userId":10,"email":"c@gmail.com"}
2025-12-02T14:40:41.919Z | userId:anon | user:anon | ruta:/ | accion:Acceder al índice | ip:::1 | datos:{}
2025-12-02T14:44:33.625Z | userId:anon | user:anon | ruta:/users/login | accion:POST /users/login | ip:::1 | datos:{"body":{"email":"c@gmail.com","password":"12345678"}}
2025-12-02T14:44:33.691Z | userId:10 | user:pau | ruta:/users/login | accion:Iniciar sesión | ip:::1 | datos:{"userId":10,"email":"c@gmail.com"}
2025-12-02T14:44:33.710Z | userId:10 | user:pau | ruta:/ | accion:Acceder al índice | ip:::1 | datos:{}
2025-12-02T14:53:30.671Z | userId:10 | user:pau | ruta:/users/profile | accion:Ver perfil | ip:::1 | datos:{"userId":10,"email":"c@gmail.com"}
2025-12-02T14:53:33.607Z | userId:10 | user:pau | ruta:/usosInsumos | accion:Acceso a la lista de usos de insumos | ip:::1 | datos:{"totalUsos":5}
2025-12-02T14:53:39.027Z | userId:10 | user:pau | ruta:/insumos | accion:Acceder a la lista de insumos | ip:::1 | datos:{}
2025-12-02T15:07:45.350Z | userId:10 | user:pau | ruta:/users/profile | accion:Ver perfil | ip:::1 | datos:{"userId":10,"email":"c@gmail.com"}
2025-12-02T15:10:07.206Z | userId:10 | user:pau | ruta:/users/profile | accion:Ver perfil | ip:::1 | datos:{"userId":10,"email":"c@gmail.com"}
2025-12-02T15:41:39.642Z | userId:10 | user:pau | ruta:/users/restore | accion:POST /users/restore | ip:::1 | datos:{"body":{"mode":"merge"}}
2025-12-02T15:41:44.974Z | userId:10 | user:pau | ruta:/users/restore | accion:POST /users/restore | ip:::1 | datos:{"body":{"mode":"replace"}}
2025-12-02T15:41:53.575Z | userId:10 | user:pau | ruta:/users/restore | accion:POST /users/restore | ip:::1 | datos:{"body":{"mode":"merge"}}
2025-12-02T15:42:10.642Z | userId:10 | user:pau | ruta:/users/restore | accion:POST /users/restore | ip:::1 | datos:{"body":{"mode":"merge"}}
2025-12-02T15:42:15.225Z | userId:10 | user:pau | ruta:/users/restore | accion:POST /users/restore | ip:::1 | datos:{"body":{"mode":"replace"}}
2025-12-02T16:03:03.071Z | userId:anon | user:anon | ruta:/ | accion:Acceder al índice | ip:::1 | datos:{}
2025-12-02T16:03:09.072Z | userId:anon | user:anon | ruta:/users/login | accion:POST /users/login | ip:::1 | datos:{"body":{"email":"c@gmail.com","password":"12345678"}}
2025-12-02T16:03:09.132Z | userId:10 | user:pau | ruta:/users/login | accion:Iniciar sesión | ip:::1 | datos:{"userId":10,"email":"c@gmail.com"}
2025-12-02T16:03:09.147Z | userId:10 | user:pau | ruta:/ | accion:Acceder al índice | ip:::1 | datos:{}
2025-12-02T16:03:10.524Z | userId:10 | user:pau | ruta:/users/profile | accion:Ver perfil | ip:::1 | datos:{"userId":10,"email":"c@gmail.com"}
2025-12-02T16:03:18.597Z | userId:10 | user:pau | ruta:/users/restore | accion:POST /users/restore | ip:::1 | datos:{"body":{"mode":"merge","file":"backup-2025-10-04T19-36-47-390Z.json"}}
2025-12-02T16:03:18.637Z | userId:10 | user:pau | ruta:/users/restore | accion:Restaurar backup | ip:::1 | datos:{"mode":"merge","file":"backup-2025-10-04T19-36-47-390Z.json"}
2025-12-02T16:03:25.978Z | userId:10 | user:pau | ruta:/ | accion:Acceder al índice | ip:::1 | datos:{}
2025-12-02T16:03:26.444Z | userId:10 | user:pau | ruta:/estudiantes | accion:Listar estudiantes | ip:::1 | datos:{}
2025-12-02T16:03:51.654Z | userId:10 | user:pau | ruta:/users/profile | accion:Ver perfil | ip:::1 | datos:{"userId":10,"email":"c@gmail.com"}
2025-12-02T16:04:16.064Z | userId:10 | user:pau | ruta:/users/restore | accion:POST /users/restore | ip:::1 | datos:{"body":{"mode":"replace","file":"backup-2025-10-04T19-34-37-648Z.json"}}
2025-12-02T16:04:20.812Z | userId:10 | user:pau | ruta:/estudiantes | accion:Listar estudiantes | ip:::1 | datos:{}
2025-12-02T16:04:24.584Z | userId:10 | user:pau | ruta:/herramientas | accion:Listar herramientas | ip:::1 | datos:{"totalHerramientas":4}
2025-12-02T16:04:26.991Z | userId:10 | user:pau | ruta:/prestamos | accion:Listar préstamos | ip:::1 | datos:{}
2025-12-02T16:04:28.966Z | userId:10 | user:pau | ruta:/audit | accion:Listar audit logs | ip:::1 | datos:{"termino":"","pagina":1}
2025-12-02T16:04:32.096Z | userId:10 | user:pau | ruta:/users/ | accion:Listar usuarios | ip:::1 | datos:{"userId":10}
2025-12-02T16:05:10.344Z | userId:10 | user:pau | ruta:/users/profile | accion:Ver perfil | ip:::1 | datos:{"userId":10,"email":"c@gmail.com"}
2025-12-02T18:00:05.083Z | userId:anon | user:anon | ruta:/estudiantes | accion:Listar estudiantes | ip:::1 | datos:{}
2025-12-02T18:00:07.567Z | userId:anon | user:anon | ruta:/estudiantes | accion:Listar estudiantes | ip:::1 | datos:{}
2025-12-02T18:00:09.150Z | userId:anon | user:anon | ruta:/ | accion:Acceder al índice | ip:::1 | datos:{}
2025-12-02T18:00:16.156Z | userId:anon | user:anon | ruta:/users/login | accion:POST /users/login | ip:::1 | datos:{"body":{"email":"c@gmail.com","password":"12345678"}}
2025-12-02T18:00:16.213Z | userId:10 | user:pau | ruta:/users/login | accion:Iniciar sesión | ip:::1 | datos:{"userId":10,"email":"c@gmail.com"}
2025-12-02T18:00:16.226Z | userId:10 | user:pau | ruta:/ | accion:Acceder al índice | ip:::1 | datos:{}
2025-12-02T18:00:17.799Z | userId:10 | user:pau | ruta:/estudiantes | accion:Listar estudiantes | ip:::1 | datos:{}
2025-12-03T18:20:49.242Z | userId:anon | user:anon | ruta:/ | accion:Acceder al índice | ip:::1 | datos:{}
2025-12-03T18:20:58.480Z | userId:anon | user:anon | ruta:/users/login | accion:POST /users/login | ip:::1 | datos:{"body":{"email":"c@gmail.com","password":"12345678"}}
2025-12-03T18:20:58.540Z | userId:10 | user:pau | ruta:/users/login | accion:Iniciar sesión | ip:::1 | datos:{"userId":10,"email":"c@gmail.com"}
2025-12-03T18:20:58.555Z | userId:10 | user:pau | ruta:/ | accion:Acceder al índice | ip:::1 | datos:{}
2025-12-03T18:21:04.372Z | userId:10 | user:pau | ruta:/estudiantes | accion:Listar estudiantes | ip:::1 | datos:{}
2025-12-03T18:21:06.527Z | userId:10 | user:pau | ruta:/herramientas | accion:Listar herramientas | ip:::1 | datos:{"totalHerramientas":4}
2025-12-03T18:21:07.262Z | userId:10 | user:pau | ruta:/prestamos | accion:Listar préstamos | ip:::1 | datos:{}
2025-12-03T18:21:09.013Z | userId:10 | user:pau | ruta:/audit | accion:Listar audit logs | ip:::1 | datos:{"termino":"","pagina":1}
2025-12-03T18:21:09.751Z | userId:10 | user:pau | ruta:/users/ | accion:Listar usuarios | ip:::1 | datos:{"userId":10}
2025-12-03T18:21:10.606Z | userId:10 | user:pau | ruta:/insumos | accion:Acceder a la lista de insumos | ip:::1 | datos:{}
2025-12-03T18:21:14.759Z | userId:10 | user:pau | ruta:/usosInsumos | accion:Acceso a la lista de usos de insumos | ip:::1 | datos:{"totalUsos":5}
2025-12-03T18:21:35.331Z | userId:10 | user:pau | ruta:/audit | accion:Listar audit logs | ip:::1 | datos:{"termino":"","pagina":1}
2025-12-03T18:21:36.070Z | userId:10 | user:pau | ruta:/users/ | accion:Listar usuarios | ip:::1 | datos:{"userId":10}
2025-12-03T18:21:37.373Z | userId:10 | user:pau | ruta:/insumos | accion:Acceder a la lista de insumos | ip:::1 | datos:{}
2025-12-03T18:21:38.229Z | userId:10 | user:pau | ruta:/users/profile | accion:Ver perfil | ip:::1 | datos:{"userId":10,"email":"c@gmail.com"}
2025-12-03T18:21:39.718Z | userId:10 | user:pau | ruta:/usosInsumos | accion:Acceso a la lista de usos de insumos | ip:::1 | datos:{"totalUsos":5}
2025-12-03T18:28:50.062Z | userId:anon | user:anon | ruta:/ | accion:Acceder al índice | ip:::1 | datos:{}
2025-12-03T18:28:56.229Z | userId:anon | user:anon | ruta:/users/login | accion:POST /users/login | ip:::1 | datos:{"body":{"email":"c@gmail.com","password":"12345678"}}
2025-12-03T18:28:56.289Z | userId:10 | user:pau | ruta:/users/login | accion:Iniciar sesión | ip:::1 | datos:{"userId":10,"email":"c@gmail.com"}
2025-12-03T18:28:56.302Z | userId:10 | user:pau | ruta:/ | accion:Acceder al índice | ip:::1 | datos:{}
2025-12-03T18:28:57.564Z | userId:10 | user:pau | ruta:/usosInsumos | accion:Acceso a la lista de usos de insumos | ip:::1 | datos:{"totalUsos":5}
2025-12-03T18:29:00.689Z | userId:10 | user:pau | ruta:/users/profile | accion:Ver perfil | ip:::1 | datos:{"userId":10,"email":"c@gmail.com"}
2025-12-03T18:30:08.601Z | userId:10 | user:pau | ruta:/users/profile | accion:Ver perfil | ip:::1 | datos:{"userId":10,"email":"c@gmail.com"}
2025-12-03T18:34:48.627Z | userId:anon | user:anon | ruta:/ | accion:Acceder al índice | ip:::1 | datos:{}
2025-12-03T18:34:56.875Z | userId:anon | user:anon | ruta:/users/login | accion:POST /users/login | ip:::1 | datos:{"body":{"email":"c@gmail.com","password":"12345678"}}
2025-12-03T18:34:56.935Z | userId:10 | user:pau | ruta:/users/login | accion:Iniciar sesión | ip:::1 | datos:{"userId":10,"email":"c@gmail.com"}
2025-12-03T18:34:56.947Z | userId:10 | user:pau | ruta:/ | accion:Acceder al índice | ip:::1 | datos:{}
2025-12-03T18:35:06.237Z | userId:10 | user:pau | ruta:/users/profile | accion:Ver perfil | ip:::1 | datos:{"userId":10,"email":"c@gmail.com"}
2025-12-03T18:36:48.798Z | userId:anon | user:anon | ruta:/ | accion:Acceder al índice | ip:::1 | datos:{}
2025-12-03T18:36:59.545Z | userId:anon | user:anon | ruta:/users/login | accion:POST /users/login | ip:::1 | datos:{"body":{"email":"c@gmail.com","password":"12345678"}}
2025-12-03T18:36:59.606Z | userId:10 | user:pau | ruta:/users/login | accion:Iniciar sesión | ip:::1 | datos:{"userId":10,"email":"c@gmail.com"}
2025-12-03T18:36:59.619Z | userId:10 | user:pau | ruta:/ | accion:Acceder al índice | ip:::1 | datos:{}
2025-12-03T18:37:00.742Z | userId:10 | user:pau | ruta:/users/profile | accion:Ver perfil | ip:::1 | datos:{"userId":10,"email":"c@gmail.com"}
2025-12-03T18:37:38.902Z | userId:anon | user:anon | ruta:/usosInsumos | accion:Acceso a la lista de usos de insumos | ip:::1 | datos:{"totalUsos":0}
2025-12-03T18:37:46.264Z | userId:anon | user:anon | ruta:/ | accion:Acceder al índice | ip:::1 | datos:{}
2025-12-03T18:37:54.412Z | userId:anon | user:anon | ruta:/users/login | accion:POST /users/login | ip:::1 | datos:{"body":{"email":"c@gmail.com","password":"12345678"}}
2025-12-03T18:37:54.471Z | userId:10 | user:pau | ruta:/users/login | accion:Iniciar sesión | ip:::1 | datos:{"userId":10,"email":"c@gmail.com"}
2025-12-03T18:37:54.483Z | userId:10 | user:pau | ruta:/ | accion:Acceder al índice | ip:::1 | datos:{}
2025-12-03T18:37:55.622Z | userId:10 | user:pau | ruta:/insumos | accion:Acceder a la lista de insumos | ip:::1 | datos:{}
2025-12-03T18:37:56.077Z | userId:10 | user:pau | ruta:/usosInsumos | accion:Acceso a la lista de usos de insumos | ip:::1 | datos:{"totalUsos":0}
2025-12-03T18:39:41.700Z | userId:10 | user:pau | ruta:/usosInsumos/create | accion:Acceso a formulario de registro de uso de insumo | ip:::1 | datos:{}
2025-12-03T18:39:51.426Z | userId:10 | user:pau | ruta:/usosInsumos/store | accion:POST /usosInsumos/store | ip:::1 | datos:{"body":{"insumo_id":"1","estudiante_id":"4","profesor_encargado":"asd","cantidad_usada":"3","descripcion":"adsad"}}
2025-12-03T18:39:51.436Z | userId:10 | user:pau | ruta:/usosInsumos/store | accion:Registro de uso de insumo | ip:::1 | datos:{"insumo_id":"1","estudiante_id":"4","cantidad_usada":"3"}
2025-12-03T18:39:51.443Z | userId:10 | user:pau | ruta:/usosInsumos | accion:Acceso a la lista de usos de insumos | ip:::1 | datos:{"totalUsos":1}
2025-12-03T18:39:54.824Z | userId:10 | user:pau | ruta:/usosInsumos/create | accion:Acceso a formulario de registro de uso de insumo | ip:::1 | datos:{}
2025-12-03T18:42:12.542Z | userId:10 | user:pau | ruta:/herramientas | accion:Listar herramientas | ip:::1 | datos:{"totalHerramientas":4}
2025-12-03T18:42:14.103Z | userId:10 | user:pau | ruta:/herramientas | accion:Listar herramientas | ip:::1 | datos:{"totalHerramientas":4}
2025-12-03T18:42:17.129Z | userId:10 | user:pau | ruta:/usosInsumos | accion:Acceso a la lista de usos de insumos | ip:::1 | datos:{"totalUsos":1}
2025-12-03T18:42:18.505Z | userId:10 | user:pau | ruta:/usosInsumos/create | accion:Acceso a formulario de registro de uso de insumo | ip:::1 | datos:{}
2025-12-03T18:42:27.447Z | userId:10 | user:pau | ruta:/usosInsumos/store | accion:POST /usosInsumos/store | ip:::1 | datos:{"body":{"insumo_id":"2","estudiante_id":"1","profesor_encargado":"asd","cantidad_usada":"5","descripcion":"sdadasd"}}
2025-12-03T18:42:51.447Z | userId:10 | user:pau | ruta:/usosInsumos/store | accion:POST /usosInsumos/store | ip:::1 | datos:{"body":{"insumo_id":"5","estudiante_id":"4","profesor_encargado":"asd","cantidad_usada":"52","descripcion":"dasd"}}
2025-12-03T18:42:51.457Z | userId:10 | user:pau | ruta:/usosInsumos/store | accion:Registro de uso de insumo | ip:::1 | datos:{"insumo_id":"5","estudiante_id":"4","cantidad_usada":"52"}
2025-12-03T18:42:51.466Z | userId:10 | user:pau | ruta:/usosInsumos | accion:Acceso a la lista de usos de insumos | ip:::1 | datos:{"totalUsos":2}
2025-12-03T18:42:53.489Z | userId:10 | user:pau | ruta:/users/profile | accion:Ver perfil | ip:::1 | datos:{"userId":10,"email":"c@gmail.com"}
2025-12-03T18:44:25.118Z | userId:anon | user:anon | ruta:/ | accion:Acceder al índice | ip:::1 | datos:{}
2025-12-03T18:44:32.817Z | userId:anon | user:anon | ruta:/users/login | accion:POST /users/login | ip:::1 | datos:{"body":{"email":"c@gmail.com","password":"12345678"}}
2025-12-03T18:44:32.878Z | userId:10 | user:pau | ruta:/users/login | accion:Iniciar sesión | ip:::1 | datos:{"userId":10,"email":"c@gmail.com"}
2025-12-03T18:44:32.890Z | userId:10 | user:pau | ruta:/ | accion:Acceder al índice | ip:::1 | datos:{}
2025-12-03T18:44:34.693Z | userId:10 | user:pau | ruta:/usosInsumos | accion:Acceso a la lista de usos de insumos | ip:::1 | datos:{"totalUsos":2}
2025-12-03T18:44:35.771Z | userId:10 | user:pau | ruta:/users/profile | accion:Ver perfil | ip:::1 | datos:{"userId":10,"email":"c@gmail.com"}
2025-12-03T18:44:40.419Z | userId:10 | user:pau | ruta:/users/restore | accion:POST /users/restore | ip:::1 | datos:{"body":{"mode":"replace","file":"backup-2025-12-02T16-05-12-453Z.json"}}
2025-12-03T18:44:48.586Z | userId:10 | user:pau | ruta:/users/restore | accion:POST /users/restore | ip:::1 | datos:{"body":{"mode":"merge","file":"backup-2025-12-02T16-05-12-453Z.json"}}
2025-12-03T18:44:53.169Z | userId:10 | user:pau | ruta:/users/restore | accion:POST /users/restore | ip:::1 | datos:{"body":{"mode":"replace","file":"backup-2025-12-03T18-42-55-304Z.json"}}
2025-12-03T18:44:55.946Z | userId:10 | user:pau | ruta:/users/profile | accion:Ver perfil | ip:::1 | datos:{"userId":10,"email":"c@gmail.com"}
2025-12-03T18:47:38.966Z | userId:anon | user:anon | ruta:/ | accion:Acceder al índice | ip:::1 | datos:{}
2025-12-03T18:47:46.833Z | userId:anon | user:anon | ruta:/users/login | accion:POST /users/login | ip:::1 | datos:{"body":{"email":"c@gmail.com","password":"12345678"}}
2025-12-03T18:47:46.891Z | userId:10 | user:pau | ruta:/users/login | accion:Iniciar sesión | ip:::1 | datos:{"userId":10,"email":"c@gmail.com"}
2025-12-03T18:47:46.904Z | userId:10 | user:pau | ruta:/ | accion:Acceder al índice | ip:::1 | datos:{}
2025-12-03T18:47:49.190Z | userId:10 | user:pau | ruta:/users/profile | accion:Ver perfil | ip:::1 | datos:{"userId":10,"email":"c@gmail.com"}
